{
  "type": "FeatureCollection",
  "crs": {
    "type": "name",
    "properties": {
      "name": "urn:ogc:def:crs:OGC:1.3:CRS84"
    }
  },
  "features": [
    {
      "type": "Feature",
      "id": "USGS-EQ-us7000tiya",
      "geometry": {
        "type": "Point",
        "coordinates": [
          142.3611,
          31.7337,
          10.0
        ]
      },
      "properties": {
        "hazard_type": "Earthquake",
        "category": "SEISMIC",
        "location_name": "Izu Islands, Japan region",
        "severity_metric": "Magnitude 4.5",
        "magnitude": 4.5,
        "depth_km": 10.0,
        "alert_level": "MODERATE",
        "source": "USGS Earthquake Hazards Program",
        "url": "https://earthquake.usgs.gov/earthquakes/eventpage/us7000tiya",
        "timestamp": "2026-09-21T15:56:20.386000+00:00"
      }
    },
    {
      "type": "Feature",
      "id": "USGS-EQ-ci41336047",
      "geometry": {
        "type": "Point",
        "coordinates": [
          -115.717,
          33.3213333333333,
          2.4
        ]
      },
      "properties": {
        "hazard_type": "Earthquake",
        "category": "SEISMIC",
        "location_name": "4 km SSE of Bombay Beach, CA",
        "severity_metric": "Magnitude 1.5",
        "magnitude": 1.47,
        "depth_km": 2.4,
        "alert_level": "LOW",
        "source": "USGS Earthquake Hazards Program",
        "url": "https://earthquake.usgs.gov/earthquakes/eventpage/ci41336047",
        "timestamp": "2026-09-21T15:56:03.090000+00:00"
      }
    },
    {
      "type": "Feature",
      "id": "USGS-EQ-ci41336023",
      "geometry": {
        "type": "Point",
        "coordinates": [
          -116.5135,
          33.524,
          12.96
        ]
      },
      "properties": {
        "hazard_type": "Earthquake",
        "category": "SEISMIC",
        "location_name": "15 km ESE of Anza, CA",
        "severity_metric": "Magnitude 0.5",
        "magnitude": 0.49,
        "depth_km": 12.96,
        "alert_level": "LOW",
        "source": "USGS Earthquake Hazards Program",
        "url": "https://earthquake.usgs.gov/earthquakes/eventpage/ci41336023",
        "timestamp": "2026-09-21T15:34:26.800000+00:00"
      }
    },
    {
      "type": "Feature",
      "id": "USGS-EQ-ci41336015",
      "geometry": {
        "type": "Point",
        "coordinates": [
          -115.721833333333,
          33.3216666666667,
          2.26
        ]
      },
      "properties": {
        "hazard_type": "Earthquake",
        "category": "SEISMIC",
        "location_name": "3 km SSE of Bombay Beach, CA",
        "severity_metric": "Magnitude 1.8",
        "magnitude": 1.75,
        "depth_km": 2.26,
        "alert_level": "LOW",
        "source": "USGS Earthquake Hazards Program",
        "url": "https://earthquake.usgs.gov/earthquakes/eventpage/ci41336015",
        "timestamp": "2026-09-21T15:31:47.730000+00:00"
      }
    },
    {
      "type": "Feature",
      "id": "USGS-EQ-nc75439427",
      "geometry": {
        "type": "Point",
        "coordinates": [
          -122.768669128418,
          38.788501739502,
          2.14000010490417
        ]
      },
      "properties": {
        "hazard_type": "Earthquake",
        "category": "SEISMIC",
        "location_name": "2 km NW of The Geysers, CA",
        "severity_metric": "Magnitude 0.8",
        "magnitude": 0.75,
        "depth_km": 2.14000010490417,
        "alert_level": "LOW",
        "source": "USGS Earthquake Hazards Program",
        "url": "https://earthquake.usgs.gov/earthquakes/eventpage/nc75439427",
        "timestamp": "2026-09-21T15:31:24.530000+00:00"
      }
    },
    {
      "type": "Feature",
      "id": "USGS-EQ-aka2026ssyumw",
      "geometry": {
        "type": "Point",
        "coordinates": [
          -152.222,
          59.687,
          73.0
        ]
      },
      "properties": {
        "hazard_type": "Earthquake",
        "category": "SEISMIC",
        "location_name": "24 km WSW of Anchor Point, Alaska",
        "severity_metric": "Magnitude 1.8",
        "magnitude": 1.8,
        "depth_km": 73.0,
        "alert_level": "LOW",
        "source": "USGS Earthquake Hazards Program",
        "url": "https://earthquake.usgs.gov/earthquakes/eventpage/aka2026ssyumw",
        "timestamp": "2026-09-21T15:30:44.841000+00:00"
      }
    },
    {
      "type": "Feature",
      "id": "USGS-EQ-aka2026ssxqjv",
      "geometry": {
        "type": "Point",
        "coordinates": [
          -152.25,
          59.091,
          71.2
        ]
      },
      "properties": {
        "hazard_type": "Earthquake",
        "category": "SEISMIC",
        "location_name": "35 km SSW of Nanwalek, Alaska",
        "severity_metric": "Magnitude 1.7",
        "magnitude": 1.7,
        "depth_km": 71.2,
        "alert_level": "LOW",
        "source": "USGS Earthquake Hazards Program",
        "url": "https://earthquake.usgs.gov/earthquakes/eventpage/aka2026ssxqjv",
        "timestamp": "2026-09-21T14:56:01.723000+00:00"
      }
    },
    {
      "type": "Feature",
      "id": "USGS-EQ-tx2026spwoqf",
      "geometry": {
        "type": "Point",
        "coordinates": [
          -103.846,
          32.008,
          3.6755
        ]
      },
      "properties": {
        "hazard_type": "Earthquake",
        "category": "SEISMIC",
        "location_name": "32 km SE of Malaga, New Mexico",
        "severity_metric": "Magnitude 1.6",
        "magnitude": 1.6,
        "depth_km": 3.6755,
        "alert_level": "LOW",
        "source": "USGS Earthquake Hazards Program",
        "url": "https://earthquake.usgs.gov/earthquakes/eventpage/tx2026spwoqf",
        "timestamp": "2026-09-21T14:22:28.928000+00:00"
      }
    },
    {
      "type": "Feature",
      "id": "USGS-EQ-hv75041247",
      "geometry": {
        "type": "Point",
        "coordinates": [
          -155.495162963867,
          19.1778335571289,
          29.8299999237061
        ]
      },
      "properties": {
        "hazard_type": "Earthquake",
        "category": "SEISMIC",
        "location_name": "3 km SSW of P\u0101hala, Hawaii",
        "severity_metric": "Magnitude 2.0",
        "magnitude": 2.01,
        "depth_km": 29.8299999237061,
        "alert_level": "LOW",
        "source": "USGS Earthquake Hazards Program",
        "url": "https://earthquake.usgs.gov/earthquakes/eventpage/hv75041247",
        "timestamp": "2026-09-21T14:12:07.230000+00:00"
      }
    },
    {
      "type": "Feature",
      "id": "USGS-EQ-tx2026spwbkv",
      "geometry": {
        "type": "Point",
        "coordinates": [
          -104.198,
          31.555,
          4.3501
        ]
      },
      "properties": {
        "hazard_type": "Earthquake",
        "category": "SEISMIC",
        "location_name": "46 km NW of Toyah, Texas",
        "severity_metric": "Magnitude 1.7",
        "magnitude": 1.7,
        "depth_km": 4.3501,
        "alert_level": "LOW",
        "source": "USGS Earthquake Hazards Program",
        "url": "https://earthquake.usgs.gov/earthquakes/eventpage/tx2026spwbkv",
        "timestamp": "2026-09-21T14:07:51.254000+00:00"
      }
    },
    {
      "type": "Feature",
      "id": "USGS-EQ-hv75041242",
      "geometry": {
        "type": "Point",
        "coordinates": [
          -155.49333190918,
          19.2005004882812,
          30.0400009155273
        ]
      },
      "properties": {
        "hazard_type": "Earthquake",
        "category": "SEISMIC",
        "location_name": "1 km W of P\u0101hala, Hawaii",
        "severity_metric": "Magnitude 2.8",
        "magnitude": 2.81,
        "depth_km": 30.0400009155273,
        "alert_level": "LOW",
        "source": "USGS Earthquake Hazards Program",
        "url": "https://earthquake.usgs.gov/earthquakes/eventpage/hv75041242",
        "timestamp": "2026-09-21T14:06:04.230000+00:00"
      }
    },
    {
      "type": "Feature",
      "id": "USGS-EQ-ci41335991",
      "geometry": {
        "type": "Point",
        "coordinates": [
          -117.1515,
          33.983,
          9.97
        ]
      },
      "properties": {
        "hazard_type": "Earthquake",
        "category": "SEISMIC",
        "location_name": "9 km SSE of Redlands, CA",
        "severity_metric": "Magnitude 0.8",
        "magnitude": 0.82,
        "depth_km": 9.97,
        "alert_level": "LOW",
        "source": "USGS Earthquake Hazards Program",
        "url": "https://earthquake.usgs.gov/earthquakes/eventpage/ci41335991",
        "timestamp": "2026-09-21T14:02:41.220000+00:00"
      }
    },
    {
      "type": "Feature",
      "id": "USGS-EQ-ci41335983",
      "geometry": {
        "type": "Point",
        "coordinates": [
          -115.720666666667,
          33.3173333333333,
          2.37
        ]
      },
      "properties": {
        "hazard_type": "Earthquake",
        "category": "SEISMIC",
        "location_name": "4 km SSE of Bombay Beach, CA",
        "severity_metric": "Magnitude 1.1",
        "magnitude": 1.14,
        "depth_km": 2.37,
        "alert_level": "LOW",
        "source": "USGS Earthquake Hazards Program",
        "url": "https://earthquake.usgs.gov/earthquakes/eventpage/ci41335983",
        "timestamp": "2026-09-21T14:01:22.370000+00:00"
      }
    },
    {
      "type": "Feature",
      "id": "USGS-EQ-us7000tixu",
      "geometry": {
        "type": "Point",
        "coordinates": [
          138.0019,
          -4.1759,
          148.887
        ]
      },
      "properties": {
        "hazard_type": "Earthquake",
        "category": "SEISMIC",
        "location_name": "152 km N of Agats, Indonesia",
        "severity_metric": "Magnitude 4.3",
        "magnitude": 4.3,
        "depth_km": 148.887,
        "alert_level": "MODERATE",
        "source": "USGS Earthquake Hazards Program",
        "url": "https://earthquake.usgs.gov/earthquakes/eventpage/us7000tixu",
        "timestamp": "2026-09-21T13:58:24.605000+00:00"
      }
    },
    {
      "type": "Feature",
      "id": "USGS-EQ-tx2026spvgjn",
      "geometry": {
        "type": "Point",
        "coordinates": [
          -102.081,
          32.442,
          3.5733
        ]
      },
      "properties": {
        "hazard_type": "Earthquake",
        "category": "SEISMIC",
        "location_name": "34 km SSW of Los Ybanez, Texas",
        "severity_metric": "Magnitude 1.5",
        "magnitude": 1.5,
        "depth_km": 3.5733,
        "alert_level": "LOW",
        "source": "USGS Earthquake Hazards Program",
        "url": "https://earthquake.usgs.gov/earthquakes/eventpage/tx2026spvgjn",
        "timestamp": "2026-09-21T13:43:28.668000+00:00"
      }
    },
    {
      "type": "Feature",
      "id": "USGS-EQ-aka2026ssvehn",
      "geometry": {
        "type": "Point",
        "coordinates": [
          -151.111,
          65.856,
          3.5
        ]
      },
      "properties": {
        "hazard_type": "Earthquake",
        "category": "SEISMIC",
        "location_name": "58 km NW of Rampart, Alaska",
        "severity_metric": "Magnitude 1.5",
        "magnitude": 1.5,
        "depth_km": 3.5,
        "alert_level": "LOW",
        "source": "USGS Earthquake Hazards Program",
        "url": "https://earthquake.usgs.gov/earthquakes/eventpage/aka2026ssvehn",
        "timestamp": "2026-09-21T13:42:06.495000+00:00"
      }
    },
    {
      "type": "Feature",
      "id": "USGS-EQ-us7000tixp",
      "geometry": {
        "type": "Point",
        "coordinates": [
          132.0805,
          32.5978,
          42.736
        ]
      },
      "properties": {
        "hazard_type": "Earthquake",
        "category": "SEISMIC",
        "location_name": "38 km E of Nobeoka, Japan",
        "severity_metric": "Magnitude 5.0",
        "magnitude": 5.0,
        "depth_km": 42.736,
        "alert_level": "HIGH",
        "source": "USGS Earthquake Hazards Program",
        "url": "https://earthquake.usgs.gov/earthquakes/eventpage/us7000tixp",
        "timestamp": "2026-09-21T13:38:32.404000+00:00"
      }
    },
    {
      "type": "Feature",
      "id": "USGS-EQ-aka2026ssuznb",
      "geometry": {
        "type": "Point",
        "coordinates": [
          -149.232,
          64.878,
          21.9
        ]
      },
      "properties": {
        "hazard_type": "Earthquake",
        "category": "SEISMIC",
        "location_name": "30 km S of Minto, Alaska",
        "severity_metric": "Magnitude 1.0",
        "magnitude": 1.0,
        "depth_km": 21.9,
        "alert_level": "LOW",
        "source": "USGS Earthquake Hazards Program",
        "url": "https://earthquake.usgs.gov/earthquakes/eventpage/aka2026ssuznb",
        "timestamp": "2026-09-21T13:36:36.423000+00:00"
      }
    },
    {
      "type": "Feature",
      "id": "USGS-EQ-uu80157641",
      "geometry": {
        "type": "Point",
        "coordinates": [
          -112.9025,
          38.4845,
          2.86
        ]
      },
      "properties": {
        "hazard_type": "Earthquake",
        "category": "SEISMIC",
        "location_name": "13 km NE of Milford, Utah",
        "severity_metric": "Magnitude 0.6",
        "magnitude": 0.58,
        "depth_km": 2.86,
        "alert_level": "LOW",
        "source": "USGS Earthquake Hazards Program",
        "url": "https://earthquake.usgs.gov/earthquakes/eventpage/uu80157641",
        "timestamp": "2026-09-21T13:28:51.070000+00:00"
      }
    },
    {
      "type": "Feature",
      "id": "USGS-EQ-nc75439397",
      "geometry": {
        "type": "Point",
        "coordinates": [
          -122.810501098633,
          38.7999992370605,
          2.0
        ]
      },
      "properties": {
        "hazard_type": "Earthquake",
        "category": "SEISMIC",
        "location_name": "5 km WNW of The Geysers, CA",
        "severity_metric": "Magnitude 2.1",
        "magnitude": 2.13,
        "depth_km": 2.0,
        "alert_level": "LOW",
        "source": "USGS Earthquake Hazards Program",
        "url": "https://earthquake.usgs.gov/earthquakes/eventpage/nc75439397",
        "timestamp": "2026-09-21T13:27:05.560000+00:00"
      }
    },
    {
      "type": "Feature",
      "id": "USGS-EQ-hv75041232",
      "geometry": {
        "type": "Point",
        "coordinates": [
          -155.369659423828,
          19.0009994506836,
          27.3099994659424
        ]
      },
      "properties": {
        "hazard_type": "Earthquake",
        "category": "SEISMIC",
        "location_name": "23 km ESE of Naalehu, Hawaii",
        "severity_metric": "Magnitude 1.8",
        "magnitude": 1.77,
        "depth_km": 27.3099994659424,
        "alert_level": "LOW",
        "source": "USGS Earthquake Hazards Program",
        "url": "https://earthquake.usgs.gov/earthquakes/eventpage/hv75041232",
        "timestamp": "2026-09-21T13:26:32.350000+00:00"
      }
    },
    {
      "type": "Feature",
      "id": "USGS-EQ-nc75439392",
      "geometry": {
        "type": "Point",
        "coordinates": [
          -122.809829711914,
          38.8008346557617,
          2.1800000667572
        ]
      },
      "properties": {
        "hazard_type": "Earthquake",
        "category": "SEISMIC",
        "location_name": "5 km WNW of The Geysers, CA",
        "severity_metric": "Magnitude 1.3",
        "magnitude": 1.31,
        "depth_km": 2.1800000667572,
        "alert_level": "LOW",
        "source": "USGS Earthquake Hazards Program",
        "url": "https://earthquake.usgs.gov/earthquakes/eventpage/nc75439392",
        "timestamp": "2026-09-21T13:25:52.320000+00:00"
      }
    },
    {
      "type": "Feature",
      "id": "USGS-EQ-aka2026ssumby",
      "geometry": {
        "type": "Point",
        "coordinates": [
          -151.685,
          61.204,
          78.9
        ]
      },
      "properties": {
        "hazard_type": "Earthquake",
        "category": "SEISMIC",
        "location_name": "33 km WNW of Beluga, Alaska",
        "severity_metric": "Magnitude 1.7",
        "magnitude": 1.7,
        "depth_km": 78.9,
        "alert_level": "LOW",
        "source": "USGS Earthquake Hazards Program",
        "url": "https://earthquake.usgs.gov/earthquakes/eventpage/aka2026ssumby",
        "timestamp": "2026-09-21T13:21:07.210000+00:00"
      }
    },
    {
      "type": "Feature",
      "id": "USGS-EQ-nc75439387",
      "geometry": {
        "type": "Point",
        "coordinates": [
          -122.803497314453,
          38.7938346862793,
          3.45000004768372
        ]
      },
      "properties": {
        "hazard_type": "Earthquake",
        "category": "SEISMIC",
        "location_name": "4 km WNW of The Geysers, CA",
        "severity_metric": "Magnitude 0.9",
        "magnitude": 0.87,
        "depth_km": 3.45000004768372,
        "alert_level": "LOW",
        "source": "USGS Earthquake Hazards Program",
        "url": "https://earthquake.usgs.gov/earthquakes/eventpage/nc75439387",
        "timestamp": "2026-09-21T13:18:01.860000+00:00"
      }
    },
    {
      "type": "Feature",
      "id": "USGS-EQ-tx2026spugdh",
      "geometry": {
        "type": "Point",
        "coordinates": [
          -103.757,
          31.369,
          6.9441
        ]
      },
      "properties": {
        "hazard_type": "Earthquake",
        "category": "SEISMIC",
        "location_name": "6 km NNE of Toyah, Texas",
        "severity_metric": "Magnitude 1.5",
        "magnitude": 1.5,
        "depth_km": 6.9441,
        "alert_level": "LOW",
        "source": "USGS Earthquake Hazards Program",
        "url": "https://earthquake.usgs.gov/earthquakes/eventpage/tx2026spugdh",
        "timestamp": "2026-09-21T13:12:16.442000+00:00"
      }
    },
    {
      "type": "Feature",
      "id": "USGS-EQ-ci41335967",
      "geometry": {
        "type": "Point",
        "coordinates": [
          -116.194166666667,
          33.8885,
          1.98
        ]
      },
      "properties": {
        "hazard_type": "Earthquake",
        "category": "SEISMIC",
        "location_name": "19 km N of Indio, CA",
        "severity_metric": "Magnitude 1.3",
        "magnitude": 1.3,
        "depth_km": 1.98,
        "alert_level": "LOW",
        "source": "USGS Earthquake Hazards Program",
        "url": "https://earthquake.usgs.gov/earthquakes/eventpage/ci41335967",
        "timestamp": "2026-09-21T13:09:26.800000+00:00"
      }
    },
    {
      "type": "Feature",
      "id": "USGS-EQ-pr71533898",
      "geometry": {
        "type": "Point",
        "coordinates": [
          -66.9606666666667,
          17.9701666666667,
          9.04
        ]
      },
      "properties": {
        "hazard_type": "Earthquake",
        "category": "SEISMIC",
        "location_name": "5 km WSW of Fuig, Puerto Rico",
        "severity_metric": "Magnitude 2.2",
        "magnitude": 2.24,
        "depth_km": 9.04,
        "alert_level": "LOW",
        "source": "USGS Earthquake Hazards Program",
        "url": "https://earthquake.usgs.gov/earthquakes/eventpage/pr71533898",
        "timestamp": "2026-09-21T13:02:59.370000+00:00"
      }
    },
    {
      "type": "Feature",
      "id": "USGS-EQ-ci41335959",
      "geometry": {
        "type": "Point",
        "coordinates": [
          -118.348666666667,
          35.9825,
          5.88
        ]
      },
      "properties": {
        "hazard_type": "Earthquake",
        "category": "SEISMIC",
        "location_name": "26 km NNE of Kernville, CA",
        "severity_metric": "Magnitude 0.7",
        "magnitude": 0.7,
        "depth_km": 5.88,
        "alert_level": "LOW",
        "source": "USGS Earthquake Hazards Program",
        "url": "https://earthquake.usgs.gov/earthquakes/eventpage/ci41335959",
        "timestamp": "2026-09-21T12:59:53.220000+00:00"
      }
    },
    {
      "type": "Feature",
      "id": "USGS-EQ-pr71533893",
      "geometry": {
        "type": "Point",
        "coordinates": [
          -66.9406666666667,
          17.94,
          6.2
        ]
      },
      "properties": {
        "hazard_type": "Earthquake",
        "category": "SEISMIC",
        "location_name": "4 km SW of Gu\u00e1nica, Puerto Rico",
        "severity_metric": "Magnitude 2.2",
        "magnitude": 2.17,
        "depth_km": 6.2,
        "alert_level": "LOW",
        "source": "USGS Earthquake Hazards Program",
        "url": "https://earthquake.usgs.gov/earthquakes/eventpage/pr71533893",
        "timestamp": "2026-09-21T12:48:45.700000+00:00"
      }
    },
    {
      "type": "Feature",
      "id": "USGS-EQ-nc75439382",
      "geometry": {
        "type": "Point",
        "coordinates": [
          -122.793998718262,
          38.8146667480469,
          2.13000011444092
        ]
      },
      "properties": {
        "hazard_type": "Earthquake",
        "category": "SEISMIC",
        "location_name": "5 km NW of The Geysers, CA",
        "severity_metric": "Magnitude 1.1",
        "magnitude": 1.06,
        "depth_km": 2.13000011444092,
        "alert_level": "LOW",
        "source": "USGS Earthquake Hazards Program",
        "url": "https://earthquake.usgs.gov/earthquakes/eventpage/nc75439382",
        "timestamp": "2026-09-21T12:47:45.100000+00:00"
      }
    },
    {
      "type": "Feature",
      "id": "USGS-EQ-tx2026spthnb",
      "geometry": {
        "type": "Point",
        "coordinates": [
          -103.844,
          32.008,
          6.6766
        ]
      },
      "properties": {
        "hazard_type": "Earthquake",
        "category": "SEISMIC",
        "location_name": "32 km SE of Malaga, New Mexico",
        "severity_metric": "Magnitude 1.9",
        "magnitude": 1.9,
        "depth_km": 6.6766,
        "alert_level": "LOW",
        "source": "USGS Earthquake Hazards Program",
        "url": "https://earthquake.usgs.gov/earthquakes/eventpage/tx2026spthnb",
        "timestamp": "2026-09-21T12:44:10.187000+00:00"
      }
    },
    {
      "type": "Feature",
      "id": "USGS-EQ-nc75439377",
      "geometry": {
        "type": "Point",
        "coordinates": [
          -122.793998718262,
          38.8146667480469,
          2.08999991416931
        ]
      },
      "properties": {
        "hazard_type": "Earthquake",
        "category": "SEISMIC",
        "location_name": "5 km NW of The Geysers, CA",
        "severity_metric": "Magnitude 0.8",
        "magnitude": 0.75,
        "depth_km": 2.08999991416931,
        "alert_level": "LOW",
        "source": "USGS Earthquake Hazards Program",
        "url": "https://earthquake.usgs.gov/earthquakes/eventpage/nc75439377",
        "timestamp": "2026-09-21T12:27:52.320000+00:00"
      }
    },
    {
      "type": "Feature",
      "id": "USGS-EQ-ci41335951",
      "geometry": {
        "type": "Point",
        "coordinates": [
          -117.728166666667,
          35.895,
          7.82
        ]
      },
      "properties": {
        "hazard_type": "Earthquake",
        "category": "SEISMIC",
        "location_name": "17 km ESE of Little Lake, CA",
        "severity_metric": "Magnitude 0.9",
        "magnitude": 0.88,
        "depth_km": 7.82,
        "alert_level": "LOW",
        "source": "USGS Earthquake Hazards Program",
        "url": "https://earthquake.usgs.gov/earthquakes/eventpage/ci41335951",
        "timestamp": "2026-09-21T12:27:17.640000+00:00"
      }
    },
    {
      "type": "Feature",
      "id": "USGS-EQ-hv75041207",
      "geometry": {
        "type": "Point",
        "coordinates": [
          -155.475173950195,
          19.406665802002,
          5.69000005722046
        ]
      },
      "properties": {
        "hazard_type": "Earthquake",
        "category": "SEISMIC",
        "location_name": "22 km N of P\u0101hala, Hawaii",
        "severity_metric": "Magnitude 2.0",
        "magnitude": 2.0,
        "depth_km": 5.69000005722046,
        "alert_level": "LOW",
        "source": "USGS Earthquake Hazards Program",
        "url": "https://earthquake.usgs.gov/earthquakes/eventpage/hv75041207",
        "timestamp": "2026-09-21T12:20:06.310000+00:00"
      }
    },
    {
      "type": "Feature",
      "id": "USGS-EQ-us7000tixg",
      "geometry": {
        "type": "Point",
        "coordinates": [
          -68.9887,
          -21.2643,
          121.183
        ]
      },
      "properties": {
        "hazard_type": "Earthquake",
        "category": "SEISMIC",
        "location_name": "76 km W of Ollag\u00fce, Chile",
        "severity_metric": "Magnitude 4.7",
        "magnitude": 4.7,
        "depth_km": 121.183,
        "alert_level": "MODERATE",
        "source": "USGS Earthquake Hazards Program",
        "url": "https://earthquake.usgs.gov/earthquakes/eventpage/us7000tixg",
        "timestamp": "2026-09-21T12:17:05.292000+00:00"
      }
    },
    {
      "type": "Feature",
      "id": "USGS-EQ-uu80157636",
      "geometry": {
        "type": "Point",
        "coordinates": [
          -112.139833333333,
          38.5173333333333,
          2.64
        ]
      },
      "properties": {
        "hazard_type": "Earthquake",
        "category": "SEISMIC",
        "location_name": "10 km NE of Marysvale, Utah",
        "severity_metric": "Magnitude 2.6",
        "magnitude": 2.63,
        "depth_km": 2.64,
        "alert_level": "LOW",
        "source": "USGS Earthquake Hazards Program",
        "url": "https://earthquake.usgs.gov/earthquakes/eventpage/uu80157636",
        "timestamp": "2026-09-21T12:15:14.820000+00:00"
      }
    },
    {
      "type": "Feature",
      "id": "USGS-EQ-aka2026ssrxqq",
      "geometry": {
        "type": "Point",
        "coordinates": [
          -150.008,
          65.628,
          0.9
        ]
      },
      "properties": {
        "hazard_type": "Earthquake",
        "category": "SEISMIC",
        "location_name": "15 km NNE of Rampart, Alaska",
        "severity_metric": "Magnitude 2.1",
        "magnitude": 2.1,
        "depth_km": 0.9,
        "alert_level": "LOW",
        "source": "USGS Earthquake Hazards Program",
        "url": "https://earthquake.usgs.gov/earthquakes/eventpage/aka2026ssrxqq",
        "timestamp": "2026-09-21T12:04:28.942000+00:00"
      }
    },
    {
      "type": "Feature",
      "id": "USGS-EQ-ci41335943",
      "geometry": {
        "type": "Point",
        "coordinates": [
          -116.782666666667,
          33.3081666666667,
          15.26
        ]
      },
      "properties": {
        "hazard_type": "Earthquake",
        "category": "SEISMIC",
        "location_name": "8 km NNW of Lake Henshaw, CA",
        "severity_metric": "Magnitude 0.8",
        "magnitude": 0.8,
        "depth_km": 15.26,
        "alert_level": "LOW",
        "source": "USGS Earthquake Hazards Program",
        "url": "https://earthquake.usgs.gov/earthquakes/eventpage/ci41335943",
        "timestamp": "2026-09-21T12:01:17.210000+00:00"
      }
    },
    {
      "type": "Feature",
      "id": "USGS-EQ-aka2026ssrreb",
      "geometry": {
        "type": "Point",
        "coordinates": [
          -155.874,
          58.215,
          141.4
        ]
      },
      "properties": {
        "hazard_type": "Earthquake",
        "category": "SEISMIC",
        "location_name": "69 km SE of King Salmon, Alaska",
        "severity_metric": "Magnitude 1.2",
        "magnitude": 1.2,
        "depth_km": 141.4,
        "alert_level": "LOW",
        "source": "USGS Earthquake Hazards Program",
        "url": "https://earthquake.usgs.gov/earthquakes/eventpage/aka2026ssrreb",
        "timestamp": "2026-09-21T11:57:03.754000+00:00"
      }
    },
    {
      "type": "Feature",
      "id": "USGS-EQ-us7000tixc",
      "geometry": {
        "type": "Point",
        "coordinates": [
          -71.8678,
          -22.3643,
          10.0
        ]
      },
      "properties": {
        "hazard_type": "Earthquake",
        "category": "SEISMIC",
        "location_name": "167 km WNW of Mejillones, Chile",
        "severity_metric": "Magnitude 5.2",
        "magnitude": 5.2,
        "depth_km": 10.0,
        "alert_level": "HIGH",
        "source": "USGS Earthquake Hazards Program",
        "url": "https://earthquake.usgs.gov/earthquakes/eventpage/us7000tixc",
        "timestamp": "2026-09-21T11:48:28.996000+00:00"
      }
    },
    {
      "type": "Feature",
      "id": "USGS-EQ-hv75041182",
      "geometry": {
        "type": "Point",
        "coordinates": [
          -155.273330688477,
          19.3920001983643,
          1.03999996185303
        ]
      },
      "properties": {
        "hazard_type": "Earthquake",
        "category": "SEISMIC",
        "location_name": "6 km SW of Volcano, Hawaii",
        "severity_metric": "Magnitude 1.7",
        "magnitude": 1.74,
        "depth_km": 1.03999996185303,
        "alert_level": "LOW",
        "source": "USGS Earthquake Hazards Program",
        "url": "https://earthquake.usgs.gov/earthquakes/eventpage/hv75041182",
        "timestamp": "2026-09-21T11:40:31.140000+00:00"
      }
    },
    {
      "type": "Feature",
      "id": "USGS-EQ-aka2026ssqxrw",
      "geometry": {
        "type": "Point",
        "coordinates": [
          -149.067,
          62.547,
          33.4
        ]
      },
      "properties": {
        "hazard_type": "Earthquake",
        "category": "SEISMIC",
        "location_name": "54 km E of Chase, Alaska",
        "severity_metric": "Magnitude 2.0",
        "magnitude": 2.0,
        "depth_km": 33.4,
        "alert_level": "LOW",
        "source": "USGS Earthquake Hazards Program",
        "url": "https://earthquake.usgs.gov/earthquakes/eventpage/aka2026ssqxrw",
        "timestamp": "2026-09-21T11:35:41.706000+00:00"
      }
    },
    {
      "type": "Feature",
      "id": "USGS-EQ-aka2026ssqscs",
      "geometry": {
        "type": "Point",
        "coordinates": [
          -150.856,
          60.28,
          58.9
        ]
      },
      "properties": {
        "hazard_type": "Earthquake",
        "category": "SEISMIC",
        "location_name": "24 km ESE of Kasilof, Alaska",
        "severity_metric": "Magnitude 2.0",
        "magnitude": 2.0,
        "depth_km": 58.9,
        "alert_level": "LOW",
        "source": "USGS Earthquake Hazards Program",
        "url": "https://earthquake.usgs.gov/earthquakes/eventpage/aka2026ssqscs",
        "timestamp": "2026-09-21T11:28:06.909000+00:00"
      }
    },
    {
      "type": "Feature",
      "id": "USGS-EQ-ci41335935",
      "geometry": {
        "type": "Point",
        "coordinates": [
          -116.783,
          33.3081666666667,
          15.48
        ]
      },
      "properties": {
        "hazard_type": "Earthquake",
        "category": "SEISMIC",
        "location_name": "8 km NNW of Lake Henshaw, CA",
        "severity_metric": "Magnitude 0.7",
        "magnitude": 0.72,
        "depth_km": 15.48,
        "alert_level": "LOW",
        "source": "USGS Earthquake Hazards Program",
        "url": "https://earthquake.usgs.gov/earthquakes/eventpage/ci41335935",
        "timestamp": "2026-09-21T11:26:53.890000+00:00"
      }
    },
    {
      "type": "Feature",
      "id": "USGS-EQ-aka2026ssqjze",
      "geometry": {
        "type": "Point",
        "coordinates": [
          -152.651,
          59.462,
          90.8
        ]
      },
      "properties": {
        "hazard_type": "Earthquake",
        "category": "SEISMIC",
        "location_name": "43 km WNW of Nanwalek, Alaska",
        "severity_metric": "Magnitude 2.0",
        "magnitude": 2.0,
        "depth_km": 90.8,
        "alert_level": "LOW",
        "source": "USGS Earthquake Hazards Program",
        "url": "https://earthquake.usgs.gov/earthquakes/eventpage/aka2026ssqjze",
        "timestamp": "2026-09-21T11:18:44.178000+00:00"
      }
    },
    {
      "type": "Feature",
      "id": "USGS-EQ-uu80157631",
      "geometry": {
        "type": "Point",
        "coordinates": [
          -112.902166666667,
          38.509,
          2.01
        ]
      },
      "properties": {
        "hazard_type": "Earthquake",
        "category": "SEISMIC",
        "location_name": "15 km NE of Milford, Utah",
        "severity_metric": "Magnitude 1.4",
        "magnitude": 1.44,
        "depth_km": 2.01,
        "alert_level": "LOW",
        "source": "USGS Earthquake Hazards Program",
        "url": "https://earthquake.usgs.gov/earthquakes/eventpage/uu80157631",
        "timestamp": "2026-09-21T11:06:51.290000+00:00"
      }
    },
    {
      "type": "Feature",
      "id": "USGS-EQ-aka2026sspyry",
      "geometry": {
        "type": "Point",
        "coordinates": [
          -150.688,
          63.135,
          113.2
        ]
      },
      "properties": {
        "hazard_type": "Earthquake",
        "category": "SEISMIC",
        "location_name": "68 km SE of Denali National Park, Alaska",
        "severity_metric": "Magnitude 2.2",
        "magnitude": 2.2,
        "depth_km": 113.2,
        "alert_level": "LOW",
        "source": "USGS Earthquake Hazards Program",
        "url": "https://earthquake.usgs.gov/earthquakes/eventpage/aka2026sspyry",
        "timestamp": "2026-09-21T11:05:51.362000+00:00"
      }
    },
    {
      "type": "Feature",
      "id": "USGS-EQ-ci41335927",
      "geometry": {
        "type": "Point",
        "coordinates": [
          -117.166666666667,
          33.9945,
          14.04
        ]
      },
      "properties": {
        "hazard_type": "Earthquake",
        "category": "SEISMIC",
        "location_name": "7 km SSE of Redlands, CA",
        "severity_metric": "Magnitude 1.0",
        "magnitude": 1.03,
        "depth_km": 14.04,
        "alert_level": "LOW",
        "source": "USGS Earthquake Hazards Program",
        "url": "https://earthquake.usgs.gov/earthquakes/eventpage/ci41335927",
        "timestamp": "2026-09-21T11:03:25.220000+00:00"
      }
    },
    {
      "type": "Feature",
      "id": "USGS-EQ-us7000tix2",
      "geometry": {
        "type": "Point",
        "coordinates": [
          -93.0352,
          15.7541,
          142.841
        ]
      },
      "properties": {
        "hazard_type": "Earthquake",
        "category": "SEISMIC",
        "location_name": "15 km SW of El Ramal (Porvenir), Mexico",
        "severity_metric": "Magnitude 4.2",
        "magnitude": 4.2,
        "depth_km": 142.841,
        "alert_level": "MODERATE",
        "source": "USGS Earthquake Hazards Program",
        "url": "https://earthquake.usgs.gov/earthquakes/eventpage/us7000tix2",
        "timestamp": "2026-09-21T11:02:38.555000+00:00"
      }
    },
    {
      "type": "Feature",
      "id": "USGS-EQ-aka2026sspwaa",
      "geometry": {
        "type": "Point",
        "coordinates": [
          -147.792,
          64.741,
          15.3
        ]
      },
      "properties": {
        "hazard_type": "Earthquake",
        "category": "SEISMIC",
        "location_name": "7 km S of South Van Horn, Alaska",
        "severity_metric": "Magnitude 1.0",
        "magnitude": 1.0,
        "depth_km": 15.3,
        "alert_level": "LOW",
        "source": "USGS Earthquake Hazards Program",
        "url": "https://earthquake.usgs.gov/earthquakes/eventpage/aka2026sspwaa",
        "timestamp": "2026-09-21T11:02:37.622000+00:00"
      }
    },
    {
      "type": "Feature",
      "id": "USGS-EQ-ci41335919",
      "geometry": {
        "type": "Point",
        "coordinates": [
          -116.468166666667,
          33.1815,
          2.45
        ]
      },
      "properties": {
        "hazard_type": "Earthquake",
        "category": "SEISMIC",
        "location_name": "12 km SW of Borrego Springs, CA",
        "severity_metric": "Magnitude 1.8",
        "magnitude": 1.75,
        "depth_km": 2.45,
        "alert_level": "LOW",
        "source": "USGS Earthquake Hazards Program",
        "url": "https://earthquake.usgs.gov/earthquakes/eventpage/ci41335919",
        "timestamp": "2026-09-21T11:00:08.030000+00:00"
      }
    },
    {
      "type": "Feature",
      "id": "USGS-EQ-us7000tiwz",
      "geometry": {
        "type": "Point",
        "coordinates": [
          72.4916,
          37.9169,
          129.316
        ]
      },
      "properties": {
        "hazard_type": "Earthquake",
        "category": "SEISMIC",
        "location_name": "95 km ENE of Khorugh, Tajikistan",
        "severity_metric": "Magnitude 4.7",
        "magnitude": 4.7,
        "depth_km": 129.316,
        "alert_level": "MODERATE",
        "source": "USGS Earthquake Hazards Program",
        "url": "https://earthquake.usgs.gov/earthquakes/eventpage/us7000tiwz",
        "timestamp": "2026-09-21T10:48:16.231000+00:00"
      }
    },
    {
      "type": "Feature",
      "id": "USGS-EQ-nc75439357",
      "geometry": {
        "type": "Point",
        "coordinates": [
          -122.813003540039,
          38.8289985656738,
          1.62000000476837
        ]
      },
      "properties": {
        "hazard_type": "Earthquake",
        "category": "SEISMIC",
        "location_name": "8 km NW of The Geysers, CA",
        "severity_metric": "Magnitude 1.1",
        "magnitude": 1.06,
        "depth_km": 1.62000000476837,
        "alert_level": "LOW",
        "source": "USGS Earthquake Hazards Program",
        "url": "https://earthquake.usgs.gov/earthquakes/eventpage/nc75439357",
        "timestamp": "2026-09-21T10:41:37.190000+00:00"
      }
    },
    {
      "type": "Feature",
      "id": "USGS-EQ-ci41335911",
      "geometry": {
        "type": "Point",
        "coordinates": [
          -116.601666666667,
          33.3936666666667,
          12.05
        ]
      },
      "properties": {
        "hazard_type": "Earthquake",
        "category": "SEISMIC",
        "location_name": "13 km NNE of Warner Springs, CA",
        "severity_metric": "Magnitude 0.6",
        "magnitude": 0.6,
        "depth_km": 12.05,
        "alert_level": "LOW",
        "source": "USGS Earthquake Hazards Program",
        "url": "https://earthquake.usgs.gov/earthquakes/eventpage/ci41335911",
        "timestamp": "2026-09-21T10:29:22.140000+00:00"
      }
    },
    {
      "type": "Feature",
      "id": "USGS-EQ-hv75041172",
      "geometry": {
        "type": "Point",
        "coordinates": [
          -155.442993164062,
          19.4298324584961,
          1.73000001907349
        ]
      },
      "properties": {
        "hazard_type": "Earthquake",
        "category": "SEISMIC",
        "location_name": "21 km W of Volcano, Hawaii",
        "severity_metric": "Magnitude 2.3",
        "magnitude": 2.27,
        "depth_km": 1.73000001907349,
        "alert_level": "LOW",
        "source": "USGS Earthquake Hazards Program",
        "url": "https://earthquake.usgs.gov/earthquakes/eventpage/hv75041172",
        "timestamp": "2026-09-21T10:25:28.120000+00:00"
      }
    },
    {
      "type": "Feature",
      "id": "USGS-EQ-pr71533883",
      "geometry": {
        "type": "Point",
        "coordinates": [
          -64.5176666666667,
          18.8395,
          10.93
        ]
      },
      "properties": {
        "hazard_type": "Earthquake",
        "category": "SEISMIC",
        "location_name": "63 km NNE of Cruz Bay, U.S. Virgin Islands",
        "severity_metric": "Magnitude 2.9",
        "magnitude": 2.92,
        "depth_km": 10.93,
        "alert_level": "LOW",
        "source": "USGS Earthquake Hazards Program",
        "url": "https://earthquake.usgs.gov/earthquakes/eventpage/pr71533883",
        "timestamp": "2026-09-21T10:15:26.980000+00:00"
      }
    },
    {
      "type": "Feature",
      "id": "USGS-EQ-hv75041162",
      "geometry": {
        "type": "Point",
        "coordinates": [
          -155.372833251953,
          19.1464996337891,
          26.7199993133545
        ]
      },
      "properties": {
        "hazard_type": "Earthquake",
        "category": "SEISMIC",
        "location_name": "12 km ESE of P\u0101hala, Hawaii",
        "severity_metric": "Magnitude 2.3",
        "magnitude": 2.26,
        "depth_km": 26.7199993133545,
        "alert_level": "LOW",
        "source": "USGS Earthquake Hazards Program",
        "url": "https://earthquake.usgs.gov/earthquakes/eventpage/hv75041162",
        "timestamp": "2026-09-21T10:11:10.260000+00:00"
      }
    },
    {
      "type": "Feature",
      "id": "USGS-EQ-aka2026ssobxi",
      "geometry": {
        "type": "Point",
        "coordinates": [
          -153.777,
          58.942,
          12.4
        ]
      },
      "properties": {
        "hazard_type": "Earthquake",
        "category": "SEISMIC",
        "location_name": "79 km SE of Kokhanok, Alaska",
        "severity_metric": "Magnitude 1.9",
        "magnitude": 1.9,
        "depth_km": 12.4,
        "alert_level": "LOW",
        "source": "USGS Earthquake Hazards Program",
        "url": "https://earthquake.usgs.gov/earthquakes/eventpage/aka2026ssobxi",
        "timestamp": "2026-09-21T10:09:27.669000+00:00"
      }
    },
    {
      "type": "Feature",
      "id": "USGS-EQ-aka2026ssnubr",
      "geometry": {
        "type": "Point",
        "coordinates": [
          -171.004,
          52.182,
          105.6
        ]
      },
      "properties": {
        "hazard_type": "Earthquake",
        "category": "SEISMIC",
        "location_name": "167 km WSW of Nikolski, Alaska",
        "severity_metric": "Magnitude 3.6",
        "magnitude": 3.6,
        "depth_km": 105.6,
        "alert_level": "MODERATE",
        "source": "USGS Earthquake Hazards Program",
        "url": "https://earthquake.usgs.gov/earthquakes/eventpage/aka2026ssnubr",
        "timestamp": "2026-09-21T10:00:11.101000+00:00"
      }
    },
    {
      "type": "Feature",
      "id": "USGS-EQ-aka2026ssnpvh",
      "geometry": {
        "type": "Point",
        "coordinates": [
          -149.84,
          62.506,
          63.7
        ]
      },
      "properties": {
        "hazard_type": "Earthquake",
        "category": "SEISMIC",
        "location_name": "14 km ENE of Chase, Alaska",
        "severity_metric": "Magnitude 2.1",
        "magnitude": 2.1,
        "depth_km": 63.7,
        "alert_level": "LOW",
        "source": "USGS Earthquake Hazards Program",
        "url": "https://earthquake.usgs.gov/earthquakes/eventpage/aka2026ssnpvh",
        "timestamp": "2026-09-21T09:56:10.143000+00:00"
      }
    },
    {
      "type": "Feature",
      "id": "USGS-EQ-uu80157626",
      "geometry": {
        "type": "Point",
        "coordinates": [
          -110.878833333333,
          44.7626666666667,
          4.06
        ]
      },
      "properties": {
        "hazard_type": "Earthquake",
        "category": "SEISMIC",
        "location_name": "21 km ENE of West Yellowstone, Montana",
        "severity_metric": "Magnitude 0.5",
        "magnitude": 0.5,
        "depth_km": 4.06,
        "alert_level": "LOW",
        "source": "USGS Earthquake Hazards Program",
        "url": "https://earthquake.usgs.gov/earthquakes/eventpage/uu80157626",
        "timestamp": "2026-09-21T09:44:45.330000+00:00"
      }
    },
    {
      "type": "Feature",
      "id": "USGS-EQ-aka2026ssnfqn",
      "geometry": {
        "type": "Point",
        "coordinates": [
          -150.011,
          61.527,
          27.4
        ]
      },
      "properties": {
        "hazard_type": "Earthquake",
        "category": "SEISMIC",
        "location_name": "3 km WNW of Big Lake, Alaska",
        "severity_metric": "Magnitude 2.6",
        "magnitude": 2.6,
        "depth_km": 27.4,
        "alert_level": "LOW",
        "source": "USGS Earthquake Hazards Program",
        "url": "https://earthquake.usgs.gov/earthquakes/eventpage/aka2026ssnfqn",
        "timestamp": "2026-09-21T09:43:47.908000+00:00"
      }
    },
    {
      "type": "Feature",
      "id": "USGS-EQ-tx2026spnhrr",
      "geometry": {
        "type": "Point",
        "coordinates": [
          -101.689,
          32.114,
          3.9319
        ]
      },
      "properties": {
        "hazard_type": "Earthquake",
        "category": "SEISMIC",
        "location_name": "9 km E of Stanton, Texas",
        "severity_metric": "Magnitude 1.0",
        "magnitude": 1.0,
        "depth_km": 3.9319,
        "alert_level": "LOW",
        "source": "USGS Earthquake Hazards Program",
        "url": "https://earthquake.usgs.gov/earthquakes/eventpage/tx2026spnhrr",
        "timestamp": "2026-09-21T09:42:51.824000+00:00"
      }
    },
    {
      "type": "Feature",
      "id": "USGS-EQ-aka2026ssnawb",
      "geometry": {
        "type": "Point",
        "coordinates": [
          -151.328,
          59.934,
          45.9
        ]
      },
      "properties": {
        "hazard_type": "Earthquake",
        "category": "SEISMIC",
        "location_name": "20 km NE of Nikolaevsk, Alaska",
        "severity_metric": "Magnitude 3.1",
        "magnitude": 3.1,
        "depth_km": 45.9,
        "alert_level": "LOW",
        "source": "USGS Earthquake Hazards Program",
        "url": "https://earthquake.usgs.gov/earthquakes/eventpage/aka2026ssnawb",
        "timestamp": "2026-09-21T09:38:37.693000+00:00"
      }
    },
    {
      "type": "Feature",
      "id": "USGS-EQ-ci41335903",
      "geometry": {
        "type": "Point",
        "coordinates": [
          -116.803166666667,
          33.5695,
          5.91
        ]
      },
      "properties": {
        "hazard_type": "Earthquake",
        "category": "SEISMIC",
        "location_name": "12 km W of Anza, CA",
        "severity_metric": "Magnitude 0.3",
        "magnitude": 0.32,
        "depth_km": 5.91,
        "alert_level": "LOW",
        "source": "USGS Earthquake Hazards Program",
        "url": "https://earthquake.usgs.gov/earthquakes/eventpage/ci41335903",
        "timestamp": "2026-09-21T09:22:55.130000+00:00"
      }
    },
    {
      "type": "Feature",
      "id": "USGS-EQ-aka2026ssmhdn",
      "geometry": {
        "type": "Point",
        "coordinates": [
          -151.266,
          66.027,
          4.9
        ]
      },
      "properties": {
        "hazard_type": "Earthquake",
        "category": "SEISMIC",
        "location_name": "76 km NW of Rampart, Alaska",
        "severity_metric": "Magnitude 2.2",
        "magnitude": 2.2,
        "depth_km": 4.9,
        "alert_level": "LOW",
        "source": "USGS Earthquake Hazards Program",
        "url": "https://earthquake.usgs.gov/earthquakes/eventpage/aka2026ssmhdn",
        "timestamp": "2026-09-21T09:15:30.831000+00:00"
      }
    },
    {
      "type": "Feature",
      "id": "USGS-EQ-tx2026spluyf",
      "geometry": {
        "type": "Point",
        "coordinates": [
          -101.681,
          32.115,
          2.9148
        ]
      },
      "properties": {
        "hazard_type": "Earthquake",
        "category": "SEISMIC",
        "location_name": "10 km E of Stanton, Texas",
        "severity_metric": "Magnitude 1.1",
        "magnitude": 1.1,
        "depth_km": 2.9148,
        "alert_level": "LOW",
        "source": "USGS Earthquake Hazards Program",
        "url": "https://earthquake.usgs.gov/earthquakes/eventpage/tx2026spluyf",
        "timestamp": "2026-09-21T09:01:06.465000+00:00"
      }
    },
    {
      "type": "Feature",
      "id": "USGS-EQ-ci41335895",
      "geometry": {
        "type": "Point",
        "coordinates": [
          -116.759,
          33.5851666666667,
          11.87
        ]
      },
      "properties": {
        "hazard_type": "Earthquake",
        "category": "SEISMIC",
        "location_name": "9 km WNW of Anza, CA",
        "severity_metric": "Magnitude 0.3",
        "magnitude": 0.34,
        "depth_km": 11.87,
        "alert_level": "LOW",
        "source": "USGS Earthquake Hazards Program",
        "url": "https://earthquake.usgs.gov/earthquakes/eventpage/ci41335895",
        "timestamp": "2026-09-21T08:51:02.130000+00:00"
      }
    },
    {
      "type": "Feature",
      "id": "USGS-EQ-ci41335887",
      "geometry": {
        "type": "Point",
        "coordinates": [
          -118.450666666667,
          35.1066666666667,
          7.54
        ]
      },
      "properties": {
        "hazard_type": "Earthquake",
        "category": "SEISMIC",
        "location_name": "3 km S of Tehachapi, CA",
        "severity_metric": "Magnitude 0.8",
        "magnitude": 0.82,
        "depth_km": 7.54,
        "alert_level": "LOW",
        "source": "USGS Earthquake Hazards Program",
        "url": "https://earthquake.usgs.gov/earthquakes/eventpage/ci41335887",
        "timestamp": "2026-09-21T08:48:27.900000+00:00"
      }
    },
    {
      "type": "Feature",
      "id": "USGS-EQ-ci41335879",
      "geometry": {
        "type": "Point",
        "coordinates": [
          -116.763,
          33.5793333333333,
          12.22
        ]
      },
      "properties": {
        "hazard_type": "Earthquake",
        "category": "SEISMIC",
        "location_name": "9 km WNW of Anza, CA",
        "severity_metric": "Magnitude 0.8",
        "magnitude": 0.8,
        "depth_km": 12.22,
        "alert_level": "LOW",
        "source": "USGS Earthquake Hazards Program",
        "url": "https://earthquake.usgs.gov/earthquakes/eventpage/ci41335879",
        "timestamp": "2026-09-21T08:47:02.240000+00:00"
      }
    },
    {
      "type": "Feature",
      "id": "USGS-EQ-tx2026spljwt",
      "geometry": {
        "type": "Point",
        "coordinates": [
          -102.019,
          32.13,
          7.8857
        ]
      },
      "properties": {
        "hazard_type": "Earthquake",
        "category": "SEISMIC",
        "location_name": "15 km NNE of Midland, Texas",
        "severity_metric": "Magnitude 2.1",
        "magnitude": 2.1,
        "depth_km": 7.8857,
        "alert_level": "LOW",
        "source": "USGS Earthquake Hazards Program",
        "url": "https://earthquake.usgs.gov/earthquakes/eventpage/tx2026spljwt",
        "timestamp": "2026-09-21T08:45:29.771000+00:00"
      }
    },
    {
      "type": "Feature",
      "id": "USGS-EQ-aka2026sskvxt",
      "geometry": {
        "type": "Point",
        "coordinates": [
          -152.583,
          59.933,
          104.1
        ]
      },
      "properties": {
        "hazard_type": "Earthquake",
        "category": "SEISMIC",
        "location_name": "45 km WNW of Anchor Point, Alaska",
        "severity_metric": "Magnitude 2.3",
        "magnitude": 2.3,
        "depth_km": 104.1,
        "alert_level": "LOW",
        "source": "USGS Earthquake Hazards Program",
        "url": "https://earthquake.usgs.gov/earthquakes/eventpage/aka2026sskvxt",
        "timestamp": "2026-09-21T08:32:36.847000+00:00"
      }
    },
    {
      "type": "Feature",
      "id": "USGS-EQ-pr71533863",
      "geometry": {
        "type": "Point",
        "coordinates": [
          -66.953,
          17.962,
          6.75
        ]
      },
      "properties": {
        "hazard_type": "Earthquake",
        "category": "SEISMIC",
        "location_name": "4 km SW of Fuig, Puerto Rico",
        "severity_metric": "Magnitude 2.0",
        "magnitude": 2.0,
        "depth_km": 6.75,
        "alert_level": "LOW",
        "source": "USGS Earthquake Hazards Program",
        "url": "https://earthquake.usgs.gov/earthquakes/eventpage/pr71533863",
        "timestamp": "2026-09-21T08:23:44.310000+00:00"
      }
    },
    {
      "type": "Feature",
      "id": "USGS-EQ-hv75041117",
      "geometry": {
        "type": "Point",
        "coordinates": [
          -155.373992919922,
          19.2903327941895,
          29.4300003051758
        ]
      },
      "properties": {
        "hazard_type": "Earthquake",
        "category": "SEISMIC",
        "location_name": "14 km NE of P\u0101hala, Hawaii",
        "severity_metric": "Magnitude 1.9",
        "magnitude": 1.91,
        "depth_km": 29.4300003051758,
        "alert_level": "LOW",
        "source": "USGS Earthquake Hazards Program",
        "url": "https://earthquake.usgs.gov/earthquakes/eventpage/hv75041117",
        "timestamp": "2026-09-21T08:23:28.010000+00:00"
      }
    },
    {
      "type": "Feature",
      "id": "USGS-EQ-aka2026ssjwtj",
      "geometry": {
        "type": "Point",
        "coordinates": [
          -150.745,
          60.351,
          49.0
        ]
      },
      "properties": {
        "hazard_type": "Earthquake",
        "category": "SEISMIC",
        "location_name": "16 km S of Funny River, Alaska",
        "severity_metric": "Magnitude 1.9",
        "magnitude": 1.9,
        "depth_km": 49.0,
        "alert_level": "LOW",
        "source": "USGS Earthquake Hazards Program",
        "url": "https://earthquake.usgs.gov/earthquakes/eventpage/aka2026ssjwtj",
        "timestamp": "2026-09-21T08:03:34.601000+00:00"
      }
    },
    {
      "type": "Feature",
      "id": "USGS-EQ-pr71533853",
      "geometry": {
        "type": "Point",
        "coordinates": [
          -64.7923333333333,
          18.8103333333333,
          85.47
        ]
      },
      "properties": {
        "hazard_type": "Earthquake",
        "category": "SEISMIC",
        "location_name": "53 km N of Cruz Bay, U.S. Virgin Islands",
        "severity_metric": "Magnitude 3.4",
        "magnitude": 3.39,
        "depth_km": 85.47,
        "alert_level": "LOW",
        "source": "USGS Earthquake Hazards Program",
        "url": "https://earthquake.usgs.gov/earthquakes/eventpage/pr71533853",
        "timestamp": "2026-09-21T08:00:55.650000+00:00"
      }
    },
    {
      "type": "Feature",
      "id": "USGS-EQ-pr71533868",
      "geometry": {
        "type": "Point",
        "coordinates": [
          -65.3803333333333,
          19.2541666666667,
          75.73
        ]
      },
      "properties": {
        "hazard_type": "Earthquake",
        "category": "SEISMIC",
        "location_name": "103 km NNE of Vieques, Puerto Rico",
        "severity_metric": "Magnitude 3.3",
        "magnitude": 3.32,
        "depth_km": 75.73,
        "alert_level": "LOW",
        "source": "USGS Earthquake Hazards Program",
        "url": "https://earthquake.usgs.gov/earthquakes/eventpage/pr71533868",
        "timestamp": "2026-09-21T07:53:11.990000+00:00"
      }
    },
    {
      "type": "Feature",
      "id": "USGS-EQ-tx2026spjpfy",
      "geometry": {
        "type": "Point",
        "coordinates": [
          -102.019,
          32.127,
          6.8604
        ]
      },
      "properties": {
        "hazard_type": "Earthquake",
        "category": "SEISMIC",
        "location_name": "15 km NNE of Midland, Texas",
        "severity_metric": "Magnitude 2.1",
        "magnitude": 2.1,
        "depth_km": 6.8604,
        "alert_level": "LOW",
        "source": "USGS Earthquake Hazards Program",
        "url": "https://earthquake.usgs.gov/earthquakes/eventpage/tx2026spjpfy",
        "timestamp": "2026-09-21T07:50:52.725000+00:00"
      }
    },
    {
      "type": "Feature",
      "id": "USGS-EQ-us7000tiw6",
      "geometry": {
        "type": "Point",
        "coordinates": [
          -178.3723,
          -17.9326,
          533.686
        ]
      },
      "properties": {
        "hazard_type": "Earthquake",
        "category": "SEISMIC",
        "location_name": "245 km E of Levuka, Fiji",
        "severity_metric": "Magnitude 4.2",
        "magnitude": 4.2,
        "depth_km": 533.686,
        "alert_level": "MODERATE",
        "source": "USGS Earthquake Hazards Program",
        "url": "https://earthquake.usgs.gov/earthquakes/eventpage/us7000tiw6",
        "timestamp": "2026-09-21T07:35:40.400000+00:00"
      }
    },
    {
      "type": "Feature",
      "id": "USGS-EQ-us7000tiw4",
      "geometry": {
        "type": "Point",
        "coordinates": [
          122.4959,
          -0.8563,
          9.863
        ]
      },
      "properties": {
        "hazard_type": "Earthquake",
        "category": "SEISMIC",
        "location_name": "34 km WNW of Luwuk, Indonesia",
        "severity_metric": "Magnitude 5.0",
        "magnitude": 5.0,
        "depth_km": 9.863,
        "alert_level": "HIGH",
        "source": "USGS Earthquake Hazards Program",
        "url": "https://earthquake.usgs.gov/earthquakes/eventpage/us7000tiw4",
        "timestamp": "2026-09-21T07:31:07.967000+00:00"
      }
    },
    {
      "type": "Feature",
      "id": "USGS-EQ-nc75439332",
      "geometry": {
        "type": "Point",
        "coordinates": [
          -122.831169128418,
          38.8125,
          1.28999996185303
        ]
      },
      "properties": {
        "hazard_type": "Earthquake",
        "category": "SEISMIC",
        "location_name": "8 km WNW of The Geysers, CA",
        "severity_metric": "Magnitude 0.7",
        "magnitude": 0.7,
        "depth_km": 1.28999996185303,
        "alert_level": "LOW",
        "source": "USGS Earthquake Hazards Program",
        "url": "https://earthquake.usgs.gov/earthquakes/eventpage/nc75439332",
        "timestamp": "2026-09-21T07:30:39.870000+00:00"
      }
    },
    {
      "type": "Feature",
      "id": "USGS-EQ-tx2026sphsvw",
      "geometry": {
        "type": "Point",
        "coordinates": [
          -103.902,
          31.743,
          6.8689
        ]
      },
      "properties": {
        "hazard_type": "Earthquake",
        "category": "SEISMIC",
        "location_name": "28 km W of Mentone, Texas",
        "severity_metric": "Magnitude 0.4",
        "magnitude": 0.4,
        "depth_km": 6.8689,
        "alert_level": "LOW",
        "source": "USGS Earthquake Hazards Program",
        "url": "https://earthquake.usgs.gov/earthquakes/eventpage/tx2026sphsvw",
        "timestamp": "2026-09-21T06:54:50.842000+00:00"
      }
    },
    {
      "type": "Feature",
      "id": "USGS-EQ-tx2026sphntr",
      "geometry": {
        "type": "Point",
        "coordinates": [
          -97.667,
          29.122,
          8.8483
        ]
      },
      "properties": {
        "hazard_type": "Earthquake",
        "category": "SEISMIC",
        "location_name": "16 km S of Smiley, Texas",
        "severity_metric": "Magnitude 1.7",
        "magnitude": 1.7,
        "depth_km": 8.8483,
        "alert_level": "LOW",
        "source": "USGS Earthquake Hazards Program",
        "url": "https://earthquake.usgs.gov/earthquakes/eventpage/tx2026sphntr",
        "timestamp": "2026-09-21T06:48:47.357000+00:00"
      }
    },
    {
      "type": "Feature",
      "id": "USGS-EQ-aka2026sshhvq",
      "geometry": {
        "type": "Point",
        "coordinates": [
          -153.068,
          60.056,
          5.0
        ]
      },
      "properties": {
        "hazard_type": "Earthquake",
        "category": "SEISMIC",
        "location_name": "65 km ENE of Pedro Bay, Alaska",
        "severity_metric": "Magnitude 0.8",
        "magnitude": 0.8,
        "depth_km": 5.0,
        "alert_level": "LOW",
        "source": "USGS Earthquake Hazards Program",
        "url": "https://earthquake.usgs.gov/earthquakes/eventpage/aka2026sshhvq",
        "timestamp": "2026-09-21T06:46:23.554000+00:00"
      }
    },
    {
      "type": "Feature",
      "id": "USGS-EQ-aka2026sshbxi",
      "geometry": {
        "type": "Point",
        "coordinates": [
          -152.775,
          59.707,
          87.8
        ]
      },
      "properties": {
        "hazard_type": "Earthquake",
        "category": "SEISMIC",
        "location_name": "53 km W of Anchor Point, Alaska",
        "severity_metric": "Magnitude 1.6",
        "magnitude": 1.6,
        "depth_km": 87.8,
        "alert_level": "LOW",
        "source": "USGS Earthquake Hazards Program",
        "url": "https://earthquake.usgs.gov/earthquakes/eventpage/aka2026sshbxi",
        "timestamp": "2026-09-21T06:43:33.215000+00:00"
      }
    },
    {
      "type": "Feature",
      "id": "USGS-EQ-pr71533803",
      "geometry": {
        "type": "Point",
        "coordinates": [
          -66.6,
          17.9475,
          13.63
        ]
      },
      "properties": {
        "hazard_type": "Earthquake",
        "category": "SEISMIC",
        "location_name": "7 km SSE of Ponce, Puerto Rico",
        "severity_metric": "Magnitude 1.6",
        "magnitude": 1.62,
        "depth_km": 13.63,
        "alert_level": "LOW",
        "source": "USGS Earthquake Hazards Program",
        "url": "https://earthquake.usgs.gov/earthquakes/eventpage/pr71533803",
        "timestamp": "2026-09-21T06:40:39.680000+00:00"
      }
    },
    {
      "type": "Feature",
      "id": "USGS-EQ-nc75439317",
      "geometry": {
        "type": "Point",
        "coordinates": [
          -122.818832397461,
          38.832332611084,
          1.71000003814697
        ]
      },
      "properties": {
        "hazard_type": "Earthquake",
        "category": "SEISMIC",
        "location_name": "8 km NW of The Geysers, CA",
        "severity_metric": "Magnitude 0.7",
        "magnitude": 0.68,
        "depth_km": 1.71000003814697,
        "alert_level": "LOW",
        "source": "USGS Earthquake Hazards Program",
        "url": "https://earthquake.usgs.gov/earthquakes/eventpage/nc75439317",
        "timestamp": "2026-09-21T06:39:30.190000+00:00"
      }
    },
    {
      "type": "Feature",
      "id": "USGS-EQ-aka2026ssgltk",
      "geometry": {
        "type": "Point",
        "coordinates": [
          -153.893,
          58.7,
          5.0
        ]
      },
      "properties": {
        "hazard_type": "Earthquake",
        "category": "SEISMIC",
        "location_name": "91 km NW of Aleneva, Alaska",
        "severity_metric": "Magnitude 1.9",
        "magnitude": 1.9,
        "depth_km": 5.0,
        "alert_level": "LOW",
        "source": "USGS Earthquake Hazards Program",
        "url": "https://earthquake.usgs.gov/earthquakes/eventpage/aka2026ssgltk",
        "timestamp": "2026-09-21T06:20:54.922000+00:00"
      }
    },
    {
      "type": "Feature",
      "id": "USGS-EQ-hv75041097",
      "geometry": {
        "type": "Point",
        "coordinates": [
          -155.484161376953,
          19.921667098999,
          31.9300003051758
        ]
      },
      "properties": {
        "hazard_type": "Earthquake",
        "category": "SEISMIC",
        "location_name": "17 km S of Honoka\u2018a, Hawaii",
        "severity_metric": "Magnitude 1.8",
        "magnitude": 1.81,
        "depth_km": 31.9300003051758,
        "alert_level": "LOW",
        "source": "USGS Earthquake Hazards Program",
        "url": "https://earthquake.usgs.gov/earthquakes/eventpage/hv75041097",
        "timestamp": "2026-09-21T06:19:59.660000+00:00"
      }
    },
    {
      "type": "Feature",
      "id": "USGS-EQ-aka2026ssgjoz",
      "geometry": {
        "type": "Point",
        "coordinates": [
          -154.738,
          58.826,
          126.4
        ]
      },
      "properties": {
        "hazard_type": "Earthquake",
        "category": "SEISMIC",
        "location_name": "68 km S of Kokhanok, Alaska",
        "severity_metric": "Magnitude 2.2",
        "magnitude": 2.2,
        "depth_km": 126.4,
        "alert_level": "LOW",
        "source": "USGS Earthquake Hazards Program",
        "url": "https://earthquake.usgs.gov/earthquakes/eventpage/aka2026ssgjoz",
        "timestamp": "2026-09-21T06:18:21.881000+00:00"
      }
    },
    {
      "type": "Feature",
      "id": "USGS-EQ-hv75041092",
      "geometry": {
        "type": "Point",
        "coordinates": [
          -155.685333251953,
          20.111665725708,
          24.4699993133545
        ]
      },
      "properties": {
        "hazard_type": "Earthquake",
        "category": "SEISMIC",
        "location_name": "9 km N of Waimea, Hawaii",
        "severity_metric": "Magnitude 1.9",
        "magnitude": 1.86,
        "depth_km": 24.4699993133545,
        "alert_level": "LOW",
        "source": "USGS Earthquake Hazards Program",
        "url": "https://earthquake.usgs.gov/earthquakes/eventpage/hv75041092",
        "timestamp": "2026-09-21T06:00:58.480000+00:00"
      }
    },
    {
      "type": "Feature",
      "id": "USGS-EQ-pr71533788",
      "geometry": {
        "type": "Point",
        "coordinates": [
          -66.8388333333333,
          18.0176666666667,
          16.38
        ]
      },
      "properties": {
        "hazard_type": "Earthquake",
        "category": "SEISMIC",
        "location_name": "2 km SSE of Yauco, Puerto Rico",
        "severity_metric": "Magnitude 1.6",
        "magnitude": 1.55,
        "depth_km": 16.38,
        "alert_level": "LOW",
        "source": "USGS Earthquake Hazards Program",
        "url": "https://earthquake.usgs.gov/earthquakes/eventpage/pr71533788",
        "timestamp": "2026-09-21T06:00:48.590000+00:00"
      }
    },
    {
      "type": "Feature",
      "id": "USGS-EQ-uu80157611",
      "geometry": {
        "type": "Point",
        "coordinates": [
          -110.431666666667,
          44.6561666666667,
          5.26
        ]
      },
      "properties": {
        "hazard_type": "Earthquake",
        "category": "SEISMIC",
        "location_name": "41 km SSE of Mammoth, Wyoming",
        "severity_metric": "Magnitude 0.9",
        "magnitude": 0.86,
        "depth_km": 5.26,
        "alert_level": "LOW",
        "source": "USGS Earthquake Hazards Program",
        "url": "https://earthquake.usgs.gov/earthquakes/eventpage/uu80157611",
        "timestamp": "2026-09-21T05:54:03.460000+00:00"
      }
    },
    {
      "type": "Feature",
      "id": "USGS-EQ-nc75439312",
      "geometry": {
        "type": "Point",
        "coordinates": [
          -122.500503540039,
          37.9804992675781,
          10.5299997329712
        ]
      },
      "properties": {
        "hazard_type": "Earthquake",
        "category": "SEISMIC",
        "location_name": "3 km ENE of San Rafael, CA",
        "severity_metric": "Magnitude 1.7",
        "magnitude": 1.69,
        "depth_km": 10.5299997329712,
        "alert_level": "LOW",
        "source": "USGS Earthquake Hazards Program",
        "url": "https://earthquake.usgs.gov/earthquakes/eventpage/nc75439312",
        "timestamp": "2026-09-21T05:41:59.950000+00:00"
      }
    },
    {
      "type": "Feature",
      "id": "USGS-EQ-aka2026ssfahp",
      "geometry": {
        "type": "Point",
        "coordinates": [
          -150.554,
          63.061,
          100.3
        ]
      },
      "properties": {
        "hazard_type": "Earthquake",
        "category": "SEISMIC",
        "location_name": "63 km N of Petersville, Alaska",
        "severity_metric": "Magnitude 2.3",
        "magnitude": 2.3,
        "depth_km": 100.3,
        "alert_level": "LOW",
        "source": "USGS Earthquake Hazards Program",
        "url": "https://earthquake.usgs.gov/earthquakes/eventpage/aka2026ssfahp",
        "timestamp": "2026-09-21T05:37:41.681000+00:00"
      }
    },
    {
      "type": "Feature",
      "id": "USGS-EQ-aka2026ssezpi",
      "geometry": {
        "type": "Point",
        "coordinates": [
          -159.522,
          56.051,
          113.1
        ]
      },
      "properties": {
        "hazard_type": "Earthquake",
        "category": "SEISMIC",
        "location_name": "16 km N of Ivanof Bay, Alaska",
        "severity_metric": "Magnitude 2.2",
        "magnitude": 2.2,
        "depth_km": 113.1,
        "alert_level": "LOW",
        "source": "USGS Earthquake Hazards Program",
        "url": "https://earthquake.usgs.gov/earthquakes/eventpage/aka2026ssezpi",
        "timestamp": "2026-09-21T05:36:53.740000+00:00"
      }
    },
    {
      "type": "Feature",
      "id": "USGS-EQ-ci41335871",
      "geometry": {
        "type": "Point",
        "coordinates": [
          -116.5065,
          33.4971666666667,
          13.84
        ]
      },
      "properties": {
        "hazard_type": "Earthquake",
        "category": "SEISMIC",
        "location_name": "17 km ESE of Anza, CA",
        "severity_metric": "Magnitude 0.4",
        "magnitude": 0.4,
        "depth_km": 13.84,
        "alert_level": "LOW",
        "source": "USGS Earthquake Hazards Program",
        "url": "https://earthquake.usgs.gov/earthquakes/eventpage/ci41335871",
        "timestamp": "2026-09-21T05:34:47.060000+00:00"
      }
    },
    {
      "type": "Feature",
      "id": "USGS-EQ-tx2026spfbfj",
      "geometry": {
        "type": "Point",
        "coordinates": [
          -104.451,
          31.67,
          6.6638
        ]
      },
      "properties": {
        "hazard_type": "Earthquake",
        "category": "SEISMIC",
        "location_name": "56 km S of Whites City, New Mexico",
        "severity_metric": "Magnitude 1.6",
        "magnitude": 1.6,
        "depth_km": 6.6638,
        "alert_level": "LOW",
        "source": "USGS Earthquake Hazards Program",
        "url": "https://earthquake.usgs.gov/earthquakes/eventpage/tx2026spfbfj",
        "timestamp": "2026-09-21T05:34:20.166000+00:00"
      }
    },
    {
      "type": "Feature",
      "id": "USGS-EQ-tx2026spezsy",
      "geometry": {
        "type": "Point",
        "coordinates": [
          -97.69,
          29.133,
          8.6291
        ]
      },
      "properties": {
        "hazard_type": "Earthquake",
        "category": "SEISMIC",
        "location_name": "15 km SSW of Smiley, Texas",
        "severity_metric": "Magnitude 1.8",
        "magnitude": 1.8,
        "depth_km": 8.6291,
        "alert_level": "LOW",
        "source": "USGS Earthquake Hazards Program",
        "url": "https://earthquake.usgs.gov/earthquakes/eventpage/tx2026spezsy",
        "timestamp": "2026-09-21T05:32:09.795000+00:00"
      }
    },
    {
      "type": "Feature",
      "id": "USGS-EQ-ci10254054",
      "geometry": {
        "type": "Point",
        "coordinates": [
          -116.342666666667,
          33.9866666666667,
          5.08
        ]
      },
      "properties": {
        "hazard_type": "Earthquake",
        "category": "SEISMIC",
        "location_name": "15 km E of Desert Hot Springs, CA",
        "severity_metric": "Magnitude 0.5",
        "magnitude": 0.5,
        "depth_km": 5.08,
        "alert_level": "LOW",
        "source": "USGS Earthquake Hazards Program",
        "url": "https://earthquake.usgs.gov/earthquakes/eventpage/ci10254054",
        "timestamp": "2026-09-21T05:24:06.950000+00:00"
      }
    },
    {
      "type": "Feature",
      "id": "USGS-EQ-ci41335863",
      "geometry": {
        "type": "Point",
        "coordinates": [
          -116.890333333333,
          33.8845,
          14.26
        ]
      },
      "properties": {
        "hazard_type": "Earthquake",
        "category": "SEISMIC",
        "location_name": "5 km SSW of Banning, CA",
        "severity_metric": "Magnitude 0.5",
        "magnitude": 0.45,
        "depth_km": 14.26,
        "alert_level": "LOW",
        "source": "USGS Earthquake Hazards Program",
        "url": "https://earthquake.usgs.gov/earthquakes/eventpage/ci41335863",
        "timestamp": "2026-09-21T05:23:59.390000+00:00"
      }
    },
    {
      "type": "Feature",
      "id": "USGS-EQ-aka2026ssende",
      "geometry": {
        "type": "Point",
        "coordinates": [
          -155.655,
          57.303,
          72.9
        ]
      },
      "properties": {
        "hazard_type": "Earthquake",
        "category": "SEISMIC",
        "location_name": "77 km WSW of Karluk, Alaska",
        "severity_metric": "Magnitude 2.4",
        "magnitude": 2.4,
        "depth_km": 72.9,
        "alert_level": "LOW",
        "source": "USGS Earthquake Hazards Program",
        "url": "https://earthquake.usgs.gov/earthquakes/eventpage/aka2026ssende",
        "timestamp": "2026-09-21T05:22:32.413000+00:00"
      }
    },
    {
      "type": "Feature",
      "id": "USGS-EQ-nc75439302",
      "geometry": {
        "type": "Point",
        "coordinates": [
          -121.681335449219,
          37.6401672363281,
          10.1999998092651
        ]
      },
      "properties": {
        "hazard_type": "Earthquake",
        "category": "SEISMIC",
        "location_name": "9 km ESE of Livermore, CA",
        "severity_metric": "Magnitude 2.0",
        "magnitude": 1.96,
        "depth_km": 10.1999998092651,
        "alert_level": "LOW",
        "source": "USGS Earthquake Hazards Program",
        "url": "https://earthquake.usgs.gov/earthquakes/eventpage/nc75439302",
        "timestamp": "2026-09-21T05:18:00.070000+00:00"
      }
    },
    {
      "type": "Feature",
      "id": "USGS-EQ-nc75439297",
      "geometry": {
        "type": "Point",
        "coordinates": [
          -122.879997253418,
          38.841667175293,
          2.36999988555908
        ]
      },
      "properties": {
        "hazard_type": "Earthquake",
        "category": "SEISMIC",
        "location_name": "13 km ENE of Cloverdale, CA",
        "severity_metric": "Magnitude 0.7",
        "magnitude": 0.68,
        "depth_km": 2.36999988555908,
        "alert_level": "LOW",
        "source": "USGS Earthquake Hazards Program",
        "url": "https://earthquake.usgs.gov/earthquakes/eventpage/nc75439297",
        "timestamp": "2026-09-21T05:13:28.560000+00:00"
      }
    },
    {
      "type": "Feature",
      "id": "USGS-EQ-aka2026sseasm",
      "geometry": {
        "type": "Point",
        "coordinates": [
          -152.725,
          59.56,
          90.6
        ]
      },
      "properties": {
        "hazard_type": "Earthquake",
        "category": "SEISMIC",
        "location_name": "50 km WNW of Nanwalek, Alaska",
        "severity_metric": "Magnitude 2.6",
        "magnitude": 2.6,
        "depth_km": 90.6,
        "alert_level": "LOW",
        "source": "USGS Earthquake Hazards Program",
        "url": "https://earthquake.usgs.gov/earthquakes/eventpage/aka2026sseasm",
        "timestamp": "2026-09-21T05:08:12.229000+00:00"
      }
    },
    {
      "type": "Feature",
      "id": "USGS-EQ-ci41335855",
      "geometry": {
        "type": "Point",
        "coordinates": [
          -116.743166666667,
          33.5101666666667,
          3.28
        ]
      },
      "properties": {
        "hazard_type": "Earthquake",
        "category": "SEISMIC",
        "location_name": "8 km SW of Anza, CA",
        "severity_metric": "Magnitude 1.0",
        "magnitude": 1.03,
        "depth_km": 3.28,
        "alert_level": "LOW",
        "source": "USGS Earthquake Hazards Program",
        "url": "https://earthquake.usgs.gov/earthquakes/eventpage/ci41335855",
        "timestamp": "2026-09-21T05:02:29.900000+00:00"
      }
    },
    {
      "type": "Feature",
      "id": "USGS-EQ-nc75439292",
      "geometry": {
        "type": "Point",
        "coordinates": [
          -122.77449798584,
          38.8040008544922,
          1.47000002861023
        ]
      },
      "properties": {
        "hazard_type": "Earthquake",
        "category": "SEISMIC",
        "location_name": "3 km NNW of The Geysers, CA",
        "severity_metric": "Magnitude 1.0",
        "magnitude": 1.02,
        "depth_km": 1.47000002861023,
        "alert_level": "LOW",
        "source": "USGS Earthquake Hazards Program",
        "url": "https://earthquake.usgs.gov/earthquakes/eventpage/nc75439292",
        "timestamp": "2026-09-21T04:57:17.650000+00:00"
      }
    },
    {
      "type": "Feature",
      "id": "USGS-EQ-aka2026ssdlxp",
      "geometry": {
        "type": "Point",
        "coordinates": [
          -152.329,
          61.131,
          8.6
        ]
      },
      "properties": {
        "hazard_type": "Earthquake",
        "category": "SEISMIC",
        "location_name": "64 km W of Tyonek, Alaska",
        "severity_metric": "Magnitude 0.6",
        "magnitude": 0.6,
        "depth_km": 8.6,
        "alert_level": "LOW",
        "source": "USGS Earthquake Hazards Program",
        "url": "https://earthquake.usgs.gov/earthquakes/eventpage/aka2026ssdlxp",
        "timestamp": "2026-09-21T04:51:08.858000+00:00"
      }
    },
    {
      "type": "Feature",
      "id": "USGS-EQ-ci41335847",
      "geometry": {
        "type": "Point",
        "coordinates": [
          -116.783166666667,
          33.868,
          17.31
        ]
      },
      "properties": {
        "hazard_type": "Earthquake",
        "category": "SEISMIC",
        "location_name": "6 km S of Cabazon, CA",
        "severity_metric": "Magnitude 0.6",
        "magnitude": 0.6,
        "depth_km": 17.31,
        "alert_level": "LOW",
        "source": "USGS Earthquake Hazards Program",
        "url": "https://earthquake.usgs.gov/earthquakes/eventpage/ci41335847",
        "timestamp": "2026-09-21T04:40:52+00:00"
      }
    },
    {
      "type": "Feature",
      "id": "USGS-EQ-uw714106591",
      "geometry": {
        "type": "Point",
        "coordinates": [
          -121.561668395996,
          46.8351669311523,
          2.70000004768372
        ]
      },
      "properties": {
        "hazard_type": "Earthquake",
        "category": "SEISMIC",
        "location_name": "26 km NNE of Packwood, Washington",
        "severity_metric": "Magnitude 0.4",
        "magnitude": 0.360000014,
        "depth_km": 2.70000004768372,
        "alert_level": "LOW",
        "source": "USGS Earthquake Hazards Program",
        "url": "https://earthquake.usgs.gov/earthquakes/eventpage/uw714106591",
        "timestamp": "2026-09-21T04:30:06.320000+00:00"
      }
    },
    {
      "type": "Feature",
      "id": "USGS-EQ-us7000tivi",
      "geometry": {
        "type": "Point",
        "coordinates": [
          177.7978,
          -36.2456,
          213.01
        ]
      },
      "properties": {
        "hazard_type": "Earthquake",
        "category": "SEISMIC",
        "location_name": "156 km NNW of Hicks Bay, New Zealand",
        "severity_metric": "Magnitude 4.7",
        "magnitude": 4.7,
        "depth_km": 213.01,
        "alert_level": "MODERATE",
        "source": "USGS Earthquake Hazards Program",
        "url": "https://earthquake.usgs.gov/earthquakes/eventpage/us7000tivi",
        "timestamp": "2026-09-21T04:28:40.661000+00:00"
      }
    },
    {
      "type": "Feature",
      "id": "USGS-EQ-ci41335839",
      "geometry": {
        "type": "Point",
        "coordinates": [
          -117.818333333333,
          35.3241666666667,
          8.95
        ]
      },
      "properties": {
        "hazard_type": "Earthquake",
        "category": "SEISMIC",
        "location_name": "18 km WSW of Johannesburg, CA",
        "severity_metric": "Magnitude 0.9",
        "magnitude": 0.94,
        "depth_km": 8.95,
        "alert_level": "LOW",
        "source": "USGS Earthquake Hazards Program",
        "url": "https://earthquake.usgs.gov/earthquakes/eventpage/ci41335839",
        "timestamp": "2026-09-21T04:18:49.450000+00:00"
      }
    },
    {
      "type": "Feature",
      "id": "USGS-EQ-nc75439272",
      "geometry": {
        "type": "Point",
        "coordinates": [
          -122.807998657227,
          38.7966651916504,
          3.50999999046326
        ]
      },
      "properties": {
        "hazard_type": "Earthquake",
        "category": "SEISMIC",
        "location_name": "5 km WNW of The Geysers, CA",
        "severity_metric": "Magnitude 0.8",
        "magnitude": 0.77,
        "depth_km": 3.50999999046326,
        "alert_level": "LOW",
        "source": "USGS Earthquake Hazards Program",
        "url": "https://earthquake.usgs.gov/earthquakes/eventpage/nc75439272",
        "timestamp": "2026-09-21T04:18:39.470000+00:00"
      }
    },
    {
      "type": "Feature",
      "id": "USGS-EQ-nc75439267",
      "geometry": {
        "type": "Point",
        "coordinates": [
          -122.853500366211,
          38.8214988708496,
          2.63000011444092
        ]
      },
      "properties": {
        "hazard_type": "Earthquake",
        "category": "SEISMIC",
        "location_name": "10 km WNW of The Geysers, CA",
        "severity_metric": "Magnitude 0.9",
        "magnitude": 0.94,
        "depth_km": 2.63000011444092,
        "alert_level": "LOW",
        "source": "USGS Earthquake Hazards Program",
        "url": "https://earthquake.usgs.gov/earthquakes/eventpage/nc75439267",
        "timestamp": "2026-09-21T04:16:52.290000+00:00"
      }
    },
    {
      "type": "Feature",
      "id": "USGS-EQ-aka2026ssbyhh",
      "geometry": {
        "type": "Point",
        "coordinates": [
          -151.3,
          62.933,
          116.6
        ]
      },
      "properties": {
        "hazard_type": "Earthquake",
        "category": "SEISMIC",
        "location_name": "55 km NNW of Petersville, Alaska",
        "severity_metric": "Magnitude 2.1",
        "magnitude": 2.1,
        "depth_km": 116.6,
        "alert_level": "LOW",
        "source": "USGS Earthquake Hazards Program",
        "url": "https://earthquake.usgs.gov/earthquakes/eventpage/aka2026ssbyhh",
        "timestamp": "2026-09-21T04:05:26.986000+00:00"
      }
    },
    {
      "type": "Feature",
      "id": "USGS-EQ-hv75041052",
      "geometry": {
        "type": "Point",
        "coordinates": [
          -155.488327026367,
          19.4720001220703,
          0.519999980926514
        ]
      },
      "properties": {
        "hazard_type": "Earthquake",
        "category": "SEISMIC",
        "location_name": "26 km W of Volcano, Hawaii",
        "severity_metric": "Magnitude 2.4",
        "magnitude": 2.41,
        "depth_km": 0.519999980926514,
        "alert_level": "LOW",
        "source": "USGS Earthquake Hazards Program",
        "url": "https://earthquake.usgs.gov/earthquakes/eventpage/hv75041052",
        "timestamp": "2026-09-21T04:04:55.850000+00:00"
      }
    },
    {
      "type": "Feature",
      "id": "USGS-EQ-us7000tivb",
      "geometry": {
        "type": "Point",
        "coordinates": [
          -78.8646,
          -8.397,
          73.088
        ]
      },
      "properties": {
        "hazard_type": "Earthquake",
        "category": "SEISMIC",
        "location_name": "4 km W of Victor Raul, Peru",
        "severity_metric": "Magnitude 4.5",
        "magnitude": 4.5,
        "depth_km": 73.088,
        "alert_level": "MODERATE",
        "source": "USGS Earthquake Hazards Program",
        "url": "https://earthquake.usgs.gov/earthquakes/eventpage/us7000tivb",
        "timestamp": "2026-09-21T03:58:24.483000+00:00"
      }
    },
    {
      "type": "Feature",
      "id": "USGS-EQ-uu80157601",
      "geometry": {
        "type": "Point",
        "coordinates": [
          -110.755166666667,
          44.8253333333333,
          4.9
        ]
      },
      "properties": {
        "hazard_type": "Earthquake",
        "category": "SEISMIC",
        "location_name": "17 km SSW of Mammoth, Wyoming",
        "severity_metric": "Magnitude 0.4",
        "magnitude": 0.39,
        "depth_km": 4.9,
        "alert_level": "LOW",
        "source": "USGS Earthquake Hazards Program",
        "url": "https://earthquake.usgs.gov/earthquakes/eventpage/uu80157601",
        "timestamp": "2026-09-21T03:51:19.160000+00:00"
      }
    },
    {
      "type": "Feature",
      "id": "USGS-EQ-nc75439257",
      "geometry": {
        "type": "Point",
        "coordinates": [
          -122.787170410156,
          38.8359985351562,
          1.70000004768372
        ]
      },
      "properties": {
        "hazard_type": "Earthquake",
        "category": "SEISMIC",
        "location_name": "6 km WNW of Cobb, CA",
        "severity_metric": "Magnitude 0.3",
        "magnitude": 0.28,
        "depth_km": 1.70000004768372,
        "alert_level": "LOW",
        "source": "USGS Earthquake Hazards Program",
        "url": "https://earthquake.usgs.gov/earthquakes/eventpage/nc75439257",
        "timestamp": "2026-09-21T03:47:37.130000+00:00"
      }
    },
    {
      "type": "Feature",
      "id": "USGS-EQ-tx2026spbibd",
      "geometry": {
        "type": "Point",
        "coordinates": [
          -103.679,
          32.072,
          7.6379
        ]
      },
      "properties": {
        "hazard_type": "Earthquake",
        "category": "SEISMIC",
        "location_name": "40 km ESE of Malaga, New Mexico",
        "severity_metric": "Magnitude 1.6",
        "magnitude": 1.6,
        "depth_km": 7.6379,
        "alert_level": "LOW",
        "source": "USGS Earthquake Hazards Program",
        "url": "https://earthquake.usgs.gov/earthquakes/eventpage/tx2026spbibd",
        "timestamp": "2026-09-21T03:43:11.311000+00:00"
      }
    },
    {
      "type": "Feature",
      "id": "USGS-EQ-nc75439252",
      "geometry": {
        "type": "Point",
        "coordinates": [
          -121.182334899902,
          36.5921669006348,
          4.11999988555908
        ]
      },
      "properties": {
        "hazard_type": "Earthquake",
        "category": "SEISMIC",
        "location_name": "8 km NNW of Pinnacles, CA",
        "severity_metric": "Magnitude 1.5",
        "magnitude": 1.48,
        "depth_km": 4.11999988555908,
        "alert_level": "LOW",
        "source": "USGS Earthquake Hazards Program",
        "url": "https://earthquake.usgs.gov/earthquakes/eventpage/nc75439252",
        "timestamp": "2026-09-21T03:28:19.660000+00:00"
      }
    },
    {
      "type": "Feature",
      "id": "USGS-EQ-aka2026ssarak",
      "geometry": {
        "type": "Point",
        "coordinates": [
          -154.988,
          58.02,
          87.6
        ]
      },
      "properties": {
        "hazard_type": "Earthquake",
        "category": "SEISMIC",
        "location_name": "59 km NNW of Karluk, Alaska",
        "severity_metric": "Magnitude 1.4",
        "magnitude": 1.4,
        "depth_km": 87.6,
        "alert_level": "LOW",
        "source": "USGS Earthquake Hazards Program",
        "url": "https://earthquake.usgs.gov/earthquakes/eventpage/aka2026ssarak",
        "timestamp": "2026-09-21T03:27:15.159000+00:00"
      }
    },
    {
      "type": "Feature",
      "id": "USGS-EQ-pr71533758",
      "geometry": {
        "type": "Point",
        "coordinates": [
          -66.9861666666667,
          17.9588333333333,
          5.2
        ]
      },
      "properties": {
        "hazard_type": "Earthquake",
        "category": "SEISMIC",
        "location_name": "6 km ESE of La Parguera, Puerto Rico",
        "severity_metric": "Magnitude 2.4",
        "magnitude": 2.39,
        "depth_km": 5.2,
        "alert_level": "LOW",
        "source": "USGS Earthquake Hazards Program",
        "url": "https://earthquake.usgs.gov/earthquakes/eventpage/pr71533758",
        "timestamp": "2026-09-21T03:17:36.820000+00:00"
      }
    },
    {
      "type": "Feature",
      "id": "USGS-EQ-pr71533753",
      "geometry": {
        "type": "Point",
        "coordinates": [
          -65.2393333333333,
          18.9643333333333,
          13.48
        ]
      },
      "properties": {
        "hazard_type": "Earthquake",
        "category": "SEISMIC",
        "location_name": "73 km N of Culebra, Puerto Rico",
        "severity_metric": "Magnitude 2.9",
        "magnitude": 2.9,
        "depth_km": 13.48,
        "alert_level": "LOW",
        "source": "USGS Earthquake Hazards Program",
        "url": "https://earthquake.usgs.gov/earthquakes/eventpage/pr71533753",
        "timestamp": "2026-09-21T03:11:26.870000+00:00"
      }
    },
    {
      "type": "Feature",
      "id": "USGS-EQ-nc75439247",
      "geometry": {
        "type": "Point",
        "coordinates": [
          -122.768836975098,
          38.7849998474121,
          3.46000003814697
        ]
      },
      "properties": {
        "hazard_type": "Earthquake",
        "category": "SEISMIC",
        "location_name": "1 km NW of The Geysers, CA",
        "severity_metric": "Magnitude 0.8",
        "magnitude": 0.76,
        "depth_km": 3.46000003814697,
        "alert_level": "LOW",
        "source": "USGS Earthquake Hazards Program",
        "url": "https://earthquake.usgs.gov/earthquakes/eventpage/nc75439247",
        "timestamp": "2026-09-21T03:09:17.930000+00:00"
      }
    },
    {
      "type": "Feature",
      "id": "USGS-EQ-nc75439242",
      "geometry": {
        "type": "Point",
        "coordinates": [
          -122.852668762207,
          38.8286666870117,
          1.60000002384186
        ]
      },
      "properties": {
        "hazard_type": "Earthquake",
        "category": "SEISMIC",
        "location_name": "10 km NW of The Geysers, CA",
        "severity_metric": "Magnitude 0.6",
        "magnitude": 0.64,
        "depth_km": 1.60000002384186,
        "alert_level": "LOW",
        "source": "USGS Earthquake Hazards Program",
        "url": "https://earthquake.usgs.gov/earthquakes/eventpage/nc75439242",
        "timestamp": "2026-09-21T03:02:39+00:00"
      }
    },
    {
      "type": "Feature",
      "id": "USGS-EQ-aka2026srzvla",
      "geometry": {
        "type": "Point",
        "coordinates": [
          -153.097,
          59.506,
          102.1
        ]
      },
      "properties": {
        "hazard_type": "Earthquake",
        "category": "SEISMIC",
        "location_name": "64 km ESE of Pedro Bay, Alaska",
        "severity_metric": "Magnitude 2.8",
        "magnitude": 2.8,
        "depth_km": 102.1,
        "alert_level": "LOW",
        "source": "USGS Earthquake Hazards Program",
        "url": "https://earthquake.usgs.gov/earthquakes/eventpage/aka2026srzvla",
        "timestamp": "2026-09-21T03:02:22.813000+00:00"
      }
    },
    {
      "type": "Feature",
      "id": "USGS-EQ-aka2026srzpsk",
      "geometry": {
        "type": "Point",
        "coordinates": [
          -155.663,
          57.822,
          15.2
        ]
      },
      "properties": {
        "hazard_type": "Earthquake",
        "category": "SEISMIC",
        "location_name": "77 km WNW of Karluk, Alaska",
        "severity_metric": "Magnitude 1.3",
        "magnitude": 1.3,
        "depth_km": 15.2,
        "alert_level": "LOW",
        "source": "USGS Earthquake Hazards Program",
        "url": "https://earthquake.usgs.gov/earthquakes/eventpage/aka2026srzpsk",
        "timestamp": "2026-09-21T02:55:35.106000+00:00"
      }
    },
    {
      "type": "Feature",
      "id": "USGS-EQ-pr2026264000",
      "geometry": {
        "type": "Point",
        "coordinates": [
          -68.7415,
          17.5233,
          13.0
        ]
      },
      "properties": {
        "hazard_type": "Earthquake",
        "category": "SEISMIC",
        "location_name": "95 km S of Boca de Yuma, Dominican Republic",
        "severity_metric": "Magnitude 3.6",
        "magnitude": 3.61,
        "depth_km": 13.0,
        "alert_level": "MODERATE",
        "source": "USGS Earthquake Hazards Program",
        "url": "https://earthquake.usgs.gov/earthquakes/eventpage/pr2026264000",
        "timestamp": "2026-09-21T02:48:12.270000+00:00"
      }
    },
    {
      "type": "Feature",
      "id": "USGS-EQ-aka2026srzaxg",
      "geometry": {
        "type": "Point",
        "coordinates": [
          -170.539,
          52.171,
          26.6
        ]
      },
      "properties": {
        "hazard_type": "Earthquake",
        "category": "SEISMIC",
        "location_name": "142 km SW of Nikolski, Alaska",
        "severity_metric": "Magnitude 3.6",
        "magnitude": 3.6,
        "depth_km": 26.6,
        "alert_level": "MODERATE",
        "source": "USGS Earthquake Hazards Program",
        "url": "https://earthquake.usgs.gov/earthquakes/eventpage/aka2026srzaxg",
        "timestamp": "2026-09-21T02:38:33.988000+00:00"
      }
    },
    {
      "type": "Feature",
      "id": "USGS-EQ-ci41335823",
      "geometry": {
        "type": "Point",
        "coordinates": [
          -117.827666666667,
          35.3011666666667,
          9.02
        ]
      },
      "properties": {
        "hazard_type": "Earthquake",
        "category": "SEISMIC",
        "location_name": "19 km WSW of Johannesburg, CA",
        "severity_metric": "Magnitude 0.9",
        "magnitude": 0.9,
        "depth_km": 9.02,
        "alert_level": "LOW",
        "source": "USGS Earthquake Hazards Program",
        "url": "https://earthquake.usgs.gov/earthquakes/eventpage/ci41335823",
        "timestamp": "2026-09-21T02:33:55.690000+00:00"
      }
    },
    {
      "type": "Feature",
      "id": "USGS-EQ-aka2026srytln",
      "geometry": {
        "type": "Point",
        "coordinates": [
          -152.056,
          60.311,
          78.8
        ]
      },
      "properties": {
        "hazard_type": "Earthquake",
        "category": "SEISMIC",
        "location_name": "36 km NW of Ninilchik, Alaska",
        "severity_metric": "Magnitude 2.7",
        "magnitude": 2.7,
        "depth_km": 78.8,
        "alert_level": "LOW",
        "source": "USGS Earthquake Hazards Program",
        "url": "https://earthquake.usgs.gov/earthquakes/eventpage/aka2026srytln",
        "timestamp": "2026-09-21T02:29:56.669000+00:00"
      }
    },
    {
      "type": "Feature",
      "id": "USGS-EQ-aka2026srymeg",
      "geometry": {
        "type": "Point",
        "coordinates": [
          -153.484,
          58.639,
          80.0
        ]
      },
      "properties": {
        "hazard_type": "Earthquake",
        "category": "SEISMIC",
        "location_name": "72 km NNW of Aleneva, Alaska",
        "severity_metric": "Magnitude 2.2",
        "magnitude": 2.2,
        "depth_km": 80.0,
        "alert_level": "LOW",
        "source": "USGS Earthquake Hazards Program",
        "url": "https://earthquake.usgs.gov/earthquakes/eventpage/aka2026srymeg",
        "timestamp": "2026-09-21T02:21:32.797000+00:00"
      }
    },
    {
      "type": "Feature",
      "id": "USGS-EQ-ci41335815",
      "geometry": {
        "type": "Point",
        "coordinates": [
          -116.759166666667,
          33.9076666666667,
          16.63
        ]
      },
      "properties": {
        "hazard_type": "Earthquake",
        "category": "SEISMIC",
        "location_name": "3 km ESE of Cabazon, CA",
        "severity_metric": "Magnitude 0.8",
        "magnitude": 0.76,
        "depth_km": 16.63,
        "alert_level": "LOW",
        "source": "USGS Earthquake Hazards Program",
        "url": "https://earthquake.usgs.gov/earthquakes/eventpage/ci41335815",
        "timestamp": "2026-09-21T02:15:13.100000+00:00"
      }
    },
    {
      "type": "Feature",
      "id": "USGS-EQ-ci41335807",
      "geometry": {
        "type": "Point",
        "coordinates": [
          -116.959166666667,
          33.9806666666667,
          14.36
        ]
      },
      "properties": {
        "hazard_type": "Earthquake",
        "category": "SEISMIC",
        "location_name": "6 km NNE of Beaumont, CA",
        "severity_metric": "Magnitude 1.2",
        "magnitude": 1.2,
        "depth_km": 14.36,
        "alert_level": "LOW",
        "source": "USGS Earthquake Hazards Program",
        "url": "https://earthquake.usgs.gov/earthquakes/eventpage/ci41335807",
        "timestamp": "2026-09-21T02:14:25.960000+00:00"
      }
    },
    {
      "type": "Feature",
      "id": "USGS-EQ-us7000tiuu",
      "geometry": {
        "type": "Point",
        "coordinates": [
          145.89,
          48.086,
          494.972
        ]
      },
      "properties": {
        "hazard_type": "Earthquake",
        "category": "SEISMIC",
        "location_name": "238 km ESE of Makarov, Russia",
        "severity_metric": "Magnitude 4.1",
        "magnitude": 4.1,
        "depth_km": 494.972,
        "alert_level": "MODERATE",
        "source": "USGS Earthquake Hazards Program",
        "url": "https://earthquake.usgs.gov/earthquakes/eventpage/us7000tiuu",
        "timestamp": "2026-09-21T01:57:56.181000+00:00"
      }
    },
    {
      "type": "Feature",
      "id": "USGS-EQ-tx2026soxvxe",
      "geometry": {
        "type": "Point",
        "coordinates": [
          -104.113,
          31.55,
          6.7664
        ]
      },
      "properties": {
        "hazard_type": "Earthquake",
        "category": "SEISMIC",
        "location_name": "40 km NW of Toyah, Texas",
        "severity_metric": "Magnitude 1.5",
        "magnitude": 1.5,
        "depth_km": 6.7664,
        "alert_level": "LOW",
        "source": "USGS Earthquake Hazards Program",
        "url": "https://earthquake.usgs.gov/earthquakes/eventpage/tx2026soxvxe",
        "timestamp": "2026-09-21T01:56:33.032000+00:00"
      }
    },
    {
      "type": "Feature",
      "id": "USGS-EQ-tx2026soxuwx",
      "geometry": {
        "type": "Point",
        "coordinates": [
          -101.478,
          32.088,
          8.9111
        ]
      },
      "properties": {
        "hazard_type": "Earthquake",
        "category": "SEISMIC",
        "location_name": "10 km WSW of Forsan, Texas",
        "severity_metric": "Magnitude 0.8",
        "magnitude": 0.8,
        "depth_km": 8.9111,
        "alert_level": "LOW",
        "source": "USGS Earthquake Hazards Program",
        "url": "https://earthquake.usgs.gov/earthquakes/eventpage/tx2026soxuwx",
        "timestamp": "2026-09-21T01:55:22.133000+00:00"
      }
    },
    {
      "type": "Feature",
      "id": "USGS-EQ-ci41335799",
      "geometry": {
        "type": "Point",
        "coordinates": [
          -116.377833333333,
          33.2153333333333,
          11.78
        ]
      },
      "properties": {
        "hazard_type": "Earthquake",
        "category": "SEISMIC",
        "location_name": "5 km S of Borrego Springs, CA",
        "severity_metric": "Magnitude 0.5",
        "magnitude": 0.48,
        "depth_km": 11.78,
        "alert_level": "LOW",
        "source": "USGS Earthquake Hazards Program",
        "url": "https://earthquake.usgs.gov/earthquakes/eventpage/ci41335799",
        "timestamp": "2026-09-21T01:50:27.790000+00:00"
      }
    },
    {
      "type": "Feature",
      "id": "USGS-EQ-hv75041007",
      "geometry": {
        "type": "Point",
        "coordinates": [
          -155.105834960938,
          19.4948329925537,
          8.67000007629395
        ]
      },
      "properties": {
        "hazard_type": "Earthquake",
        "category": "SEISMIC",
        "location_name": "0 km NNW of Eden Roc, Hawaii",
        "severity_metric": "Magnitude 2.0",
        "magnitude": 1.97,
        "depth_km": 8.67000007629395,
        "alert_level": "LOW",
        "source": "USGS Earthquake Hazards Program",
        "url": "https://earthquake.usgs.gov/earthquakes/eventpage/hv75041007",
        "timestamp": "2026-09-21T01:41:38.470000+00:00"
      }
    },
    {
      "type": "Feature",
      "id": "USGS-EQ-us7000tiur",
      "geometry": {
        "type": "Point",
        "coordinates": [
          120.5793,
          -8.307,
          10.0
        ]
      },
      "properties": {
        "hazard_type": "Earthquake",
        "category": "SEISMIC",
        "location_name": "35 km NNE of Ruteng, Indonesia",
        "severity_metric": "Magnitude 5.5",
        "magnitude": 5.5,
        "depth_km": 10.0,
        "alert_level": "HIGH",
        "source": "USGS Earthquake Hazards Program",
        "url": "https://earthquake.usgs.gov/earthquakes/eventpage/us7000tiur",
        "timestamp": "2026-09-21T01:41:36.315000+00:00"
      }
    },
    {
      "type": "Feature",
      "id": "USGS-EQ-nc75439232",
      "geometry": {
        "type": "Point",
        "coordinates": [
          -122.78483581543,
          38.8320007324219,
          1.21000003814697
        ]
      },
      "properties": {
        "hazard_type": "Earthquake",
        "category": "SEISMIC",
        "location_name": "5 km WNW of Cobb, CA",
        "severity_metric": "Magnitude 0.5",
        "magnitude": 0.54,
        "depth_km": 1.21000003814697,
        "alert_level": "LOW",
        "source": "USGS Earthquake Hazards Program",
        "url": "https://earthquake.usgs.gov/earthquakes/eventpage/nc75439232",
        "timestamp": "2026-09-21T01:40:10.310000+00:00"
      }
    },
    {
      "type": "Feature",
      "id": "USGS-EQ-tx2026soxgyn",
      "geometry": {
        "type": "Point",
        "coordinates": [
          -104.119,
          31.556,
          6.3306
        ]
      },
      "properties": {
        "hazard_type": "Earthquake",
        "category": "SEISMIC",
        "location_name": "40 km NW of Toyah, Texas",
        "severity_metric": "Magnitude 1.5",
        "magnitude": 1.5,
        "depth_km": 6.3306,
        "alert_level": "LOW",
        "source": "USGS Earthquake Hazards Program",
        "url": "https://earthquake.usgs.gov/earthquakes/eventpage/tx2026soxgyn",
        "timestamp": "2026-09-21T01:39:14.735000+00:00"
      }
    },
    {
      "type": "Feature",
      "id": "USGS-EQ-pr71533708",
      "geometry": {
        "type": "Point",
        "coordinates": [
          -67.9083333333333,
          19.2145,
          24.71
        ]
      },
      "properties": {
        "hazard_type": "Earthquake",
        "category": "SEISMIC",
        "location_name": "87 km NE of Punta Cana, Dominican Republic",
        "severity_metric": "Magnitude 3.4",
        "magnitude": 3.43,
        "depth_km": 24.71,
        "alert_level": "LOW",
        "source": "USGS Earthquake Hazards Program",
        "url": "https://earthquake.usgs.gov/earthquakes/eventpage/pr71533708",
        "timestamp": "2026-09-21T01:33:51.700000+00:00"
      }
    },
    {
      "type": "Feature",
      "id": "USGS-EQ-ci41335791",
      "geometry": {
        "type": "Point",
        "coordinates": [
          -116.7805,
          33.2381666666667,
          15.3
        ]
      },
      "properties": {
        "hazard_type": "Earthquake",
        "category": "SEISMIC",
        "location_name": "2 km WSW of Lake Henshaw, CA",
        "severity_metric": "Magnitude 0.4",
        "magnitude": 0.42,
        "depth_km": 15.3,
        "alert_level": "LOW",
        "source": "USGS Earthquake Hazards Program",
        "url": "https://earthquake.usgs.gov/earthquakes/eventpage/ci41335791",
        "timestamp": "2026-09-21T01:31:07.140000+00:00"
      }
    },
    {
      "type": "Feature",
      "id": "USGS-EQ-nm60628071",
      "geometry": {
        "type": "Point",
        "coordinates": [
          -89.7523333333333,
          36.0976666666667,
          9.75
        ]
      },
      "properties": {
        "hazard_type": "Earthquake",
        "category": "SEISMIC",
        "location_name": "7 km ENE of Steele, Missouri",
        "severity_metric": "Magnitude 2.1",
        "magnitude": 2.07,
        "depth_km": 9.75,
        "alert_level": "LOW",
        "source": "USGS Earthquake Hazards Program",
        "url": "https://earthquake.usgs.gov/earthquakes/eventpage/nm60628071",
        "timestamp": "2026-09-21T01:29:38.740000+00:00"
      }
    },
    {
      "type": "Feature",
      "id": "USGS-EQ-aka2026srwsol",
      "geometry": {
        "type": "Point",
        "coordinates": [
          -154.044,
          61.235,
          4.5
        ]
      },
      "properties": {
        "hazard_type": "Earthquake",
        "category": "SEISMIC",
        "location_name": "75 km E of Lime Village, Alaska",
        "severity_metric": "Magnitude 1.8",
        "magnitude": 1.8,
        "depth_km": 4.5,
        "alert_level": "LOW",
        "source": "USGS Earthquake Hazards Program",
        "url": "https://earthquake.usgs.gov/earthquakes/eventpage/aka2026srwsol",
        "timestamp": "2026-09-21T01:28:55.405000+00:00"
      }
    },
    {
      "type": "Feature",
      "id": "USGS-EQ-ci41335783",
      "geometry": {
        "type": "Point",
        "coordinates": [
          -118.622666666667,
          35.1995,
          7.73
        ]
      },
      "properties": {
        "hazard_type": "Earthquake",
        "category": "SEISMIC",
        "location_name": "17 km WNW of Tehachapi, CA",
        "severity_metric": "Magnitude 1.5",
        "magnitude": 1.51,
        "depth_km": 7.73,
        "alert_level": "LOW",
        "source": "USGS Earthquake Hazards Program",
        "url": "https://earthquake.usgs.gov/earthquakes/eventpage/ci41335783",
        "timestamp": "2026-09-21T01:26:00.330000+00:00"
      }
    },
    {
      "type": "Feature",
      "id": "USGS-EQ-tx2026sowssw",
      "geometry": {
        "type": "Point",
        "coordinates": [
          -102.081,
          32.348,
          7.251
        ]
      },
      "properties": {
        "hazard_type": "Earthquake",
        "category": "SEISMIC",
        "location_name": "36 km NW of Stanton, Texas",
        "severity_metric": "Magnitude 0.6",
        "magnitude": 0.6,
        "depth_km": 7.251,
        "alert_level": "LOW",
        "source": "USGS Earthquake Hazards Program",
        "url": "https://earthquake.usgs.gov/earthquakes/eventpage/tx2026sowssw",
        "timestamp": "2026-09-21T01:22:39.796000+00:00"
      }
    },
    {
      "type": "Feature",
      "id": "USGS-EQ-aka2026srwhug",
      "geometry": {
        "type": "Point",
        "coordinates": [
          -151.799,
          59.982,
          73.9
        ]
      },
      "properties": {
        "hazard_type": "Earthquake",
        "category": "SEISMIC",
        "location_name": "5 km NW of Happy Valley, Alaska",
        "severity_metric": "Magnitude 1.6",
        "magnitude": 1.6,
        "depth_km": 73.9,
        "alert_level": "LOW",
        "source": "USGS Earthquake Hazards Program",
        "url": "https://earthquake.usgs.gov/earthquakes/eventpage/aka2026srwhug",
        "timestamp": "2026-09-21T01:16:29.307000+00:00"
      }
    },
    {
      "type": "Feature",
      "id": "USGS-EQ-us7000tiui",
      "geometry": {
        "type": "Point",
        "coordinates": [
          36.2994,
          37.8136,
          10.0
        ]
      },
      "properties": {
        "hazard_type": "Earthquake",
        "category": "SEISMIC",
        "location_name": "26 km SE of Saimbeyli, Turkey",
        "severity_metric": "Magnitude 4.9",
        "magnitude": 4.9,
        "depth_km": 10.0,
        "alert_level": "MODERATE",
        "source": "USGS Earthquake Hazards Program",
        "url": "https://earthquake.usgs.gov/earthquakes/eventpage/us7000tiui",
        "timestamp": "2026-09-21T01:02:04.529000+00:00"
      }
    },
    {
      "type": "Feature",
      "id": "USGS-EQ-tx2026sowawz",
      "geometry": {
        "type": "Point",
        "coordinates": [
          -97.692,
          29.127,
          8.886
        ]
      },
      "properties": {
        "hazard_type": "Earthquake",
        "category": "SEISMIC",
        "location_name": "16 km SSW of Smiley, Texas",
        "severity_metric": "Magnitude 1.2",
        "magnitude": 1.2,
        "depth_km": 8.886,
        "alert_level": "LOW",
        "source": "USGS Earthquake Hazards Program",
        "url": "https://earthquake.usgs.gov/earthquakes/eventpage/tx2026sowawz",
        "timestamp": "2026-09-21T01:01:57.913000+00:00"
      }
    },
    {
      "type": "Feature",
      "id": "USGS-EQ-nc75439212",
      "geometry": {
        "type": "Point",
        "coordinates": [
          -122.816497802734,
          38.8315010070801,
          1.37000000476837
        ]
      },
      "properties": {
        "hazard_type": "Earthquake",
        "category": "SEISMIC",
        "location_name": "8 km NW of The Geysers, CA",
        "severity_metric": "Magnitude 0.3",
        "magnitude": 0.27,
        "depth_km": 1.37000000476837,
        "alert_level": "LOW",
        "source": "USGS Earthquake Hazards Program",
        "url": "https://earthquake.usgs.gov/earthquakes/eventpage/nc75439212",
        "timestamp": "2026-09-21T00:58:16.490000+00:00"
      }
    },
    {
      "type": "Feature",
      "id": "USGS-EQ-aka2026srvrmj",
      "geometry": {
        "type": "Point",
        "coordinates": [
          -148.216,
          65.445,
          5.3
        ]
      },
      "properties": {
        "hazard_type": "Earthquake",
        "category": "SEISMIC",
        "location_name": "17 km ESE of Livengood, Alaska",
        "severity_metric": "Magnitude 1.6",
        "magnitude": 1.6,
        "depth_km": 5.3,
        "alert_level": "LOW",
        "source": "USGS Earthquake Hazards Program",
        "url": "https://earthquake.usgs.gov/earthquakes/eventpage/aka2026srvrmj",
        "timestamp": "2026-09-21T00:57:40.813000+00:00"
      }
    },
    {
      "type": "Feature",
      "id": "USGS-EQ-hv75040987",
      "geometry": {
        "type": "Point",
        "coordinates": [
          -155.444000244141,
          19.3273334503174,
          25.2199993133545
        ]
      },
      "properties": {
        "hazard_type": "Earthquake",
        "category": "SEISMIC",
        "location_name": "14 km NNE of P\u0101hala, Hawaii",
        "severity_metric": "Magnitude 2.9",
        "magnitude": 2.93,
        "depth_km": 25.2199993133545,
        "alert_level": "LOW",
        "source": "USGS Earthquake Hazards Program",
        "url": "https://earthquake.usgs.gov/earthquakes/eventpage/hv75040987",
        "timestamp": "2026-09-21T00:56:33.680000+00:00"
      }
    },
    {
      "type": "Feature",
      "id": "USGS-EQ-hv75040982",
      "geometry": {
        "type": "Point",
        "coordinates": [
          -155.163665771484,
          19.2609996795654,
          41.2900009155273
        ]
      },
      "properties": {
        "hazard_type": "Earthquake",
        "category": "SEISMIC",
        "location_name": "21 km SSE of Volcano, Hawaii",
        "severity_metric": "Magnitude 2.6",
        "magnitude": 2.64,
        "depth_km": 41.2900009155273,
        "alert_level": "LOW",
        "source": "USGS Earthquake Hazards Program",
        "url": "https://earthquake.usgs.gov/earthquakes/eventpage/hv75040982",
        "timestamp": "2026-09-21T00:56:11.240000+00:00"
      }
    },
    {
      "type": "Feature",
      "id": "USGS-EQ-ci41335775",
      "geometry": {
        "type": "Point",
        "coordinates": [
          -117.556333333333,
          35.7143333333333,
          2.96
        ]
      },
      "properties": {
        "hazard_type": "Earthquake",
        "category": "SEISMIC",
        "location_name": "15 km WSW of Searles Valley, CA",
        "severity_metric": "Magnitude 0.5",
        "magnitude": 0.49,
        "depth_km": 2.96,
        "alert_level": "LOW",
        "source": "USGS Earthquake Hazards Program",
        "url": "https://earthquake.usgs.gov/earthquakes/eventpage/ci41335775",
        "timestamp": "2026-09-21T00:48:25.290000+00:00"
      }
    },
    {
      "type": "Feature",
      "id": "USGS-EQ-nc75439207",
      "geometry": {
        "type": "Point",
        "coordinates": [
          -122.045669555664,
          37.9661674499512,
          15.25
        ]
      },
      "properties": {
        "hazard_type": "Earthquake",
        "category": "SEISMIC",
        "location_name": "2 km NNE of Pleasant Hill, CA",
        "severity_metric": "Magnitude 1.7",
        "magnitude": 1.7,
        "depth_km": 15.25,
        "alert_level": "LOW",
        "source": "USGS Earthquake Hazards Program",
        "url": "https://earthquake.usgs.gov/earthquakes/eventpage/nc75439207",
        "timestamp": "2026-09-21T00:44:24.700000+00:00"
      }
    },
    {
      "type": "Feature",
      "id": "USGS-EQ-uu80157596",
      "geometry": {
        "type": "Point",
        "coordinates": [
          -111.979833333333,
          39.3161666666667,
          4.54
        ]
      },
      "properties": {
        "hazard_type": "Earthquake",
        "category": "SEISMIC",
        "location_name": "13 km NE of Scipio, Utah",
        "severity_metric": "Magnitude 1.2",
        "magnitude": 1.16,
        "depth_km": 4.54,
        "alert_level": "LOW",
        "source": "USGS Earthquake Hazards Program",
        "url": "https://earthquake.usgs.gov/earthquakes/eventpage/uu80157596",
        "timestamp": "2026-09-21T00:39:18.240000+00:00"
      }
    },
    {
      "type": "Feature",
      "id": "USGS-EQ-nn00924680",
      "geometry": {
        "type": "Point",
        "coordinates": [
          -117.3394,
          37.1643,
          0.0196
        ]
      },
      "properties": {
        "hazard_type": "Earthquake",
        "category": "SEISMIC",
        "location_name": "58 km WNW of Beatty, Nevada",
        "severity_metric": "Magnitude 1.8",
        "magnitude": 1.76,
        "depth_km": 0.0196,
        "alert_level": "LOW",
        "source": "USGS Earthquake Hazards Program",
        "url": "https://earthquake.usgs.gov/earthquakes/eventpage/nn00924680",
        "timestamp": "2026-09-21T00:34:22.742000+00:00"
      }
    },
    {
      "type": "Feature",
      "id": "USGS-EQ-ci41335767",
      "geometry": {
        "type": "Point",
        "coordinates": [
          -117.256333333333,
          34.058,
          15.73
        ]
      },
      "properties": {
        "hazard_type": "Earthquake",
        "category": "SEISMIC",
        "location_name": "1 km NNE of Loma Linda, CA",
        "severity_metric": "Magnitude 0.9",
        "magnitude": 0.87,
        "depth_km": 15.73,
        "alert_level": "LOW",
        "source": "USGS Earthquake Hazards Program",
        "url": "https://earthquake.usgs.gov/earthquakes/eventpage/ci41335767",
        "timestamp": "2026-09-21T00:31:29.720000+00:00"
      }
    },
    {
      "type": "Feature",
      "id": "USGS-EQ-pr71533703",
      "geometry": {
        "type": "Point",
        "coordinates": [
          -66.9331666666667,
          17.9215,
          6.92
        ]
      },
      "properties": {
        "hazard_type": "Earthquake",
        "category": "SEISMIC",
        "location_name": "6 km SSW of Gu\u00e1nica, Puerto Rico",
        "severity_metric": "Magnitude 2.3",
        "magnitude": 2.3,
        "depth_km": 6.92,
        "alert_level": "LOW",
        "source": "USGS Earthquake Hazards Program",
        "url": "https://earthquake.usgs.gov/earthquakes/eventpage/pr71533703",
        "timestamp": "2026-09-21T00:26:02.620000+00:00"
      }
    },
    {
      "type": "Feature",
      "id": "USGS-EQ-aka2026srucdt",
      "geometry": {
        "type": "Point",
        "coordinates": [
          -154.067,
          58.149,
          59.8
        ]
      },
      "properties": {
        "hazard_type": "Earthquake",
        "category": "SEISMIC",
        "location_name": "68 km N of Larsen Bay, Alaska",
        "severity_metric": "Magnitude 2.4",
        "magnitude": 2.4,
        "depth_km": 59.8,
        "alert_level": "LOW",
        "source": "USGS Earthquake Hazards Program",
        "url": "https://earthquake.usgs.gov/earthquakes/eventpage/aka2026srucdt",
        "timestamp": "2026-09-21T00:10:00.666000+00:00"
      }
    },
    {
      "type": "Feature",
      "id": "USGS-EQ-tx2026sotxqn",
      "geometry": {
        "type": "Point",
        "coordinates": [
          -101.642,
          31.788,
          2.622
        ]
      },
      "properties": {
        "hazard_type": "Earthquake",
        "category": "SEISMIC",
        "location_name": "17 km WSW of Garden City, Texas",
        "severity_metric": "Magnitude 1.0",
        "magnitude": 1.0,
        "depth_km": 2.622,
        "alert_level": "LOW",
        "source": "USGS Earthquake Hazards Program",
        "url": "https://earthquake.usgs.gov/earthquakes/eventpage/tx2026sotxqn",
        "timestamp": "2026-09-20T23:57:50.394000+00:00"
      }
    },
    {
      "type": "Feature",
      "id": "USGS-EQ-ci41335759",
      "geometry": {
        "type": "Point",
        "coordinates": [
          -116.754833333333,
          33.5836666666667,
          12.46
        ]
      },
      "properties": {
        "hazard_type": "Earthquake",
        "category": "SEISMIC",
        "location_name": "8 km WNW of Anza, CA",
        "severity_metric": "Magnitude 0.3",
        "magnitude": 0.31,
        "depth_km": 12.46,
        "alert_level": "LOW",
        "source": "USGS Earthquake Hazards Program",
        "url": "https://earthquake.usgs.gov/earthquakes/eventpage/ci41335759",
        "timestamp": "2026-09-20T23:50:07.450000+00:00"
      }
    },
    {
      "type": "Feature",
      "id": "USGS-EQ-pr71533698",
      "geometry": {
        "type": "Point",
        "coordinates": [
          -66.9315,
          17.9491666666667,
          7.62
        ]
      },
      "properties": {
        "hazard_type": "Earthquake",
        "category": "SEISMIC",
        "location_name": "3 km SW of Gu\u00e1nica, Puerto Rico",
        "severity_metric": "Magnitude 2.2",
        "magnitude": 2.24,
        "depth_km": 7.62,
        "alert_level": "LOW",
        "source": "USGS Earthquake Hazards Program",
        "url": "https://earthquake.usgs.gov/earthquakes/eventpage/pr71533698",
        "timestamp": "2026-09-20T23:45:18.380000+00:00"
      }
    },
    {
      "type": "Feature",
      "id": "USGS-EQ-pr71533688",
      "geometry": {
        "type": "Point",
        "coordinates": [
          -66.9458333333333,
          17.9701666666667,
          7.4
        ]
      },
      "properties": {
        "hazard_type": "Earthquake",
        "category": "SEISMIC",
        "location_name": "3 km WSW of Fuig, Puerto Rico",
        "severity_metric": "Magnitude 2.5",
        "magnitude": 2.5,
        "depth_km": 7.4,
        "alert_level": "LOW",
        "source": "USGS Earthquake Hazards Program",
        "url": "https://earthquake.usgs.gov/earthquakes/eventpage/pr71533688",
        "timestamp": "2026-09-20T23:38:39.890000+00:00"
      }
    },
    {
      "type": "Feature",
      "id": "USGS-EQ-aka2026srsuwu",
      "geometry": {
        "type": "Point",
        "coordinates": [
          -155.747,
          57.661,
          5.0
        ]
      },
      "properties": {
        "hazard_type": "Earthquake",
        "category": "SEISMIC",
        "location_name": "77 km W of Karluk, Alaska",
        "severity_metric": "Magnitude 2.0",
        "magnitude": 2.0,
        "depth_km": 5.0,
        "alert_level": "LOW",
        "source": "USGS Earthquake Hazards Program",
        "url": "https://earthquake.usgs.gov/earthquakes/eventpage/aka2026srsuwu",
        "timestamp": "2026-09-20T23:31:39.121000+00:00"
      }
    },
    {
      "type": "Feature",
      "id": "USGS-EQ-us7000tiu3",
      "geometry": {
        "type": "Point",
        "coordinates": [
          146.5756,
          43.6006,
          57.379
        ]
      },
      "properties": {
        "hazard_type": "Earthquake",
        "category": "SEISMIC",
        "location_name": "25 km SSW of Shikotan, Russia",
        "severity_metric": "Magnitude 4.6",
        "magnitude": 4.6,
        "depth_km": 57.379,
        "alert_level": "MODERATE",
        "source": "USGS Earthquake Hazards Program",
        "url": "https://earthquake.usgs.gov/earthquakes/eventpage/us7000tiu3",
        "timestamp": "2026-09-20T23:25:37.454000+00:00"
      }
    },
    {
      "type": "Feature",
      "id": "USGS-EQ-nc75439177",
      "geometry": {
        "type": "Point",
        "coordinates": [
          -122.795166015625,
          38.8219985961914,
          2.73000001907349
        ]
      },
      "properties": {
        "hazard_type": "Earthquake",
        "category": "SEISMIC",
        "location_name": "6 km NW of The Geysers, CA",
        "severity_metric": "Magnitude 0.8",
        "magnitude": 0.76,
        "depth_km": 2.73000001907349,
        "alert_level": "LOW",
        "source": "USGS Earthquake Hazards Program",
        "url": "https://earthquake.usgs.gov/earthquakes/eventpage/nc75439177",
        "timestamp": "2026-09-20T23:21:57.400000+00:00"
      }
    },
    {
      "type": "Feature",
      "id": "USGS-EQ-aka2026srsknc",
      "geometry": {
        "type": "Point",
        "coordinates": [
          -151.117,
          65.879,
          0.3
        ]
      },
      "properties": {
        "hazard_type": "Earthquake",
        "category": "SEISMIC",
        "location_name": "60 km NW of Rampart, Alaska",
        "severity_metric": "Magnitude 1.5",
        "magnitude": 1.5,
        "depth_km": 0.3,
        "alert_level": "LOW",
        "source": "USGS Earthquake Hazards Program",
        "url": "https://earthquake.usgs.gov/earthquakes/eventpage/aka2026srsknc",
        "timestamp": "2026-09-20T23:19:42.018000+00:00"
      }
    },
    {
      "type": "Feature",
      "id": "USGS-EQ-ci41335751",
      "geometry": {
        "type": "Point",
        "coordinates": [
          -117.684166666667,
          35.033,
          -0.74
        ]
      },
      "properties": {
        "hazard_type": "Earthquake",
        "category": "SEISMIC",
        "location_name": "5 km NW of Boron, CA",
        "severity_metric": "Magnitude 1.2",
        "magnitude": 1.2,
        "depth_km": -0.74,
        "alert_level": "LOW",
        "source": "USGS Earthquake Hazards Program",
        "url": "https://earthquake.usgs.gov/earthquakes/eventpage/ci41335751",
        "timestamp": "2026-09-20T23:12:49.670000+00:00"
      }
    },
    {
      "type": "Feature",
      "id": "USGS-EQ-nc75439167",
      "geometry": {
        "type": "Point",
        "coordinates": [
          -122.81950378418,
          38.8305015563965,
          1.61000001430511
        ]
      },
      "properties": {
        "hazard_type": "Earthquake",
        "category": "SEISMIC",
        "location_name": "8 km NW of The Geysers, CA",
        "severity_metric": "Magnitude 0.7",
        "magnitude": 0.73,
        "depth_km": 1.61000001430511,
        "alert_level": "LOW",
        "source": "USGS Earthquake Hazards Program",
        "url": "https://earthquake.usgs.gov/earthquakes/eventpage/nc75439167",
        "timestamp": "2026-09-20T23:11:16.410000+00:00"
      }
    },
    {
      "type": "Feature",
      "id": "USGS-EQ-nc75439162",
      "geometry": {
        "type": "Point",
        "coordinates": [
          -122.793830871582,
          38.8221664428711,
          2.77999997138977
        ]
      },
      "properties": {
        "hazard_type": "Earthquake",
        "category": "SEISMIC",
        "location_name": "6 km NNW of The Geysers, CA",
        "severity_metric": "Magnitude 1.1",
        "magnitude": 1.06,
        "depth_km": 2.77999997138977,
        "alert_level": "LOW",
        "source": "USGS Earthquake Hazards Program",
        "url": "https://earthquake.usgs.gov/earthquakes/eventpage/nc75439162",
        "timestamp": "2026-09-20T23:09:45.840000+00:00"
      }
    },
    {
      "type": "Feature",
      "id": "USGS-EQ-ci41335735",
      "geometry": {
        "type": "Point",
        "coordinates": [
          -116.381333333333,
          33.3738333333333,
          10.26
        ]
      },
      "properties": {
        "hazard_type": "Earthquake",
        "category": "SEISMIC",
        "location_name": "13 km N of Borrego Springs, CA",
        "severity_metric": "Magnitude 0.5",
        "magnitude": 0.47,
        "depth_km": 10.26,
        "alert_level": "LOW",
        "source": "USGS Earthquake Hazards Program",
        "url": "https://earthquake.usgs.gov/earthquakes/eventpage/ci41335735",
        "timestamp": "2026-09-20T23:03:15.730000+00:00"
      }
    },
    {
      "type": "Feature",
      "id": "USGS-EQ-uw714106481",
      "geometry": {
        "type": "Point",
        "coordinates": [
          -122.321998596191,
          46.5195007324219,
          8.06999969482422
        ]
      },
      "properties": {
        "hazard_type": "Earthquake",
        "category": "SEISMIC",
        "location_name": "5 km SW of Morton, Washington",
        "severity_metric": "Magnitude 1.1",
        "magnitude": 1.08000004,
        "depth_km": 8.06999969482422,
        "alert_level": "LOW",
        "source": "USGS Earthquake Hazards Program",
        "url": "https://earthquake.usgs.gov/earthquakes/eventpage/uw714106481",
        "timestamp": "2026-09-20T22:56:21.750000+00:00"
      }
    },
    {
      "type": "Feature",
      "id": "USGS-EQ-uw714106471",
      "geometry": {
        "type": "Point",
        "coordinates": [
          -122.318832397461,
          46.5178337097168,
          8.01000022888184
        ]
      },
      "properties": {
        "hazard_type": "Earthquake",
        "category": "SEISMIC",
        "location_name": "5 km SW of Morton, Washington",
        "severity_metric": "Magnitude 1.6",
        "magnitude": 1.62499022483826,
        "depth_km": 8.01000022888184,
        "alert_level": "LOW",
        "source": "USGS Earthquake Hazards Program",
        "url": "https://earthquake.usgs.gov/earthquakes/eventpage/uw714106471",
        "timestamp": "2026-09-20T22:53:10.360000+00:00"
      }
    },
    {
      "type": "Feature",
      "id": "USGS-EQ-nc75439152",
      "geometry": {
        "type": "Point",
        "coordinates": [
          -122.896331787109,
          38.8246650695801,
          3.9300000667572
        ]
      },
      "properties": {
        "hazard_type": "Earthquake",
        "category": "SEISMIC",
        "location_name": "11 km ENE of Cloverdale, CA",
        "severity_metric": "Magnitude 0.4",
        "magnitude": 0.4,
        "depth_km": 3.9300000667572,
        "alert_level": "LOW",
        "source": "USGS Earthquake Hazards Program",
        "url": "https://earthquake.usgs.gov/earthquakes/eventpage/nc75439152",
        "timestamp": "2026-09-20T22:51:52.160000+00:00"
      }
    },
    {
      "type": "Feature",
      "id": "USGS-EQ-us7000titz",
      "geometry": {
        "type": "Point",
        "coordinates": [
          166.1528,
          -12.24,
          10.0
        ]
      },
      "properties": {
        "hazard_type": "Earthquake",
        "category": "SEISMIC",
        "location_name": "172 km SSE of Lata, Solomon Islands",
        "severity_metric": "Magnitude 4.9",
        "magnitude": 4.9,
        "depth_km": 10.0,
        "alert_level": "MODERATE",
        "source": "USGS Earthquake Hazards Program",
        "url": "https://earthquake.usgs.gov/earthquakes/eventpage/us7000titz",
        "timestamp": "2026-09-20T22:51:21.731000+00:00"
      }
    },
    {
      "type": "Feature",
      "id": "USGS-EQ-aka2026srrkqm",
      "geometry": {
        "type": "Point",
        "coordinates": [
          -155.644,
          57.838,
          10.3
        ]
      },
      "properties": {
        "hazard_type": "Earthquake",
        "category": "SEISMIC",
        "location_name": "76 km WNW of Karluk, Alaska",
        "severity_metric": "Magnitude 1.7",
        "magnitude": 1.7,
        "depth_km": 10.3,
        "alert_level": "LOW",
        "source": "USGS Earthquake Hazards Program",
        "url": "https://earthquake.usgs.gov/earthquakes/eventpage/aka2026srrkqm",
        "timestamp": "2026-09-20T22:49:51.012000+00:00"
      }
    },
    {
      "type": "Feature",
      "id": "USGS-EQ-hv75040947",
      "geometry": {
        "type": "Point",
        "coordinates": [
          -156.241333007812,
          19.808500289917,
          15.0200004577637
        ]
      },
      "properties": {
        "hazard_type": "Earthquake",
        "category": "SEISMIC",
        "location_name": "28 km WNW of Kalaoa, Hawaii",
        "severity_metric": "Magnitude 1.9",
        "magnitude": 1.86,
        "depth_km": 15.0200004577637,
        "alert_level": "LOW",
        "source": "USGS Earthquake Hazards Program",
        "url": "https://earthquake.usgs.gov/earthquakes/eventpage/hv75040947",
        "timestamp": "2026-09-20T22:49:07.090000+00:00"
      }
    },
    {
      "type": "Feature",
      "id": "USGS-EQ-ci41335711",
      "geometry": {
        "type": "Point",
        "coordinates": [
          -117.1795,
          34.0308333333333,
          12.7
        ]
      },
      "properties": {
        "hazard_type": "Earthquake",
        "category": "SEISMIC",
        "location_name": "3 km S of Redlands, CA",
        "severity_metric": "Magnitude 0.7",
        "magnitude": 0.69,
        "depth_km": 12.7,
        "alert_level": "LOW",
        "source": "USGS Earthquake Hazards Program",
        "url": "https://earthquake.usgs.gov/earthquakes/eventpage/ci41335711",
        "timestamp": "2026-09-20T22:21:37.890000+00:00"
      }
    },
    {
      "type": "Feature",
      "id": "USGS-EQ-ci41335703",
      "geometry": {
        "type": "Point",
        "coordinates": [
          -116.721166666667,
          33.5713333333333,
          12.04
        ]
      },
      "properties": {
        "hazard_type": "Earthquake",
        "category": "SEISMIC",
        "location_name": "5 km WNW of Anza, CA",
        "severity_metric": "Magnitude 1.4",
        "magnitude": 1.36,
        "depth_km": 12.04,
        "alert_level": "LOW",
        "source": "USGS Earthquake Hazards Program",
        "url": "https://earthquake.usgs.gov/earthquakes/eventpage/ci41335703",
        "timestamp": "2026-09-20T22:17:49.930000+00:00"
      }
    },
    {
      "type": "Feature",
      "id": "USGS-EQ-hv75040932",
      "geometry": {
        "type": "Point",
        "coordinates": [
          -155.444000244141,
          19.3281669616699,
          25.25
        ]
      },
      "properties": {
        "hazard_type": "Earthquake",
        "category": "SEISMIC",
        "location_name": "14 km NNE of P\u0101hala, Hawaii",
        "severity_metric": "Magnitude 2.4",
        "magnitude": 2.4,
        "depth_km": 25.25,
        "alert_level": "LOW",
        "source": "USGS Earthquake Hazards Program",
        "url": "https://earthquake.usgs.gov/earthquakes/eventpage/hv75040932",
        "timestamp": "2026-09-20T22:13:43.990000+00:00"
      }
    },
    {
      "type": "Feature",
      "id": "USGS-EQ-us7000titt",
      "geometry": {
        "type": "Point",
        "coordinates": [
          171.7471,
          -23.0403,
          10.0
        ]
      },
      "properties": {
        "hazard_type": "Earthquake",
        "category": "SEISMIC",
        "location_name": "southeast of the Loyalty Islands",
        "severity_metric": "Magnitude 4.9",
        "magnitude": 4.9,
        "depth_km": 10.0,
        "alert_level": "MODERATE",
        "source": "USGS Earthquake Hazards Program",
        "url": "https://earthquake.usgs.gov/earthquakes/eventpage/us7000titt",
        "timestamp": "2026-09-20T22:09:59.229000+00:00"
      }
    },
    {
      "type": "Feature",
      "id": "USGS-EQ-nn00924676",
      "geometry": {
        "type": "Point",
        "coordinates": [
          -119.0484,
          39.3199,
          9.3098
        ]
      },
      "properties": {
        "hazard_type": "Earthquake",
        "category": "SEISMIC",
        "location_name": "18 km SE of Silver Springs, Nevada",
        "severity_metric": "Magnitude 2.1",
        "magnitude": 2.11,
        "depth_km": 9.3098,
        "alert_level": "LOW",
        "source": "USGS Earthquake Hazards Program",
        "url": "https://earthquake.usgs.gov/earthquakes/eventpage/nn00924676",
        "timestamp": "2026-09-20T22:02:55.357000+00:00"
      }
    },
    {
      "type": "Feature",
      "id": "USGS-EQ-nc75439112",
      "geometry": {
        "type": "Point",
        "coordinates": [
          -122.935668945312,
          38.7806663513184,
          6.65000009536743
        ]
      },
      "properties": {
        "hazard_type": "Earthquake",
        "category": "SEISMIC",
        "location_name": "8 km ESE of Cloverdale, CA",
        "severity_metric": "Magnitude 1.7",
        "magnitude": 1.67,
        "depth_km": 6.65000009536743,
        "alert_level": "LOW",
        "source": "USGS Earthquake Hazards Program",
        "url": "https://earthquake.usgs.gov/earthquakes/eventpage/nc75439112",
        "timestamp": "2026-09-20T21:52:54.130000+00:00"
      }
    },
    {
      "type": "Feature",
      "id": "USGS-EQ-aka2026srpjla",
      "geometry": {
        "type": "Point",
        "coordinates": [
          -171.088,
          52.246,
          101.4
        ]
      },
      "properties": {
        "hazard_type": "Earthquake",
        "category": "SEISMIC",
        "location_name": "169 km WSW of Nikolski, Alaska",
        "severity_metric": "Magnitude 3.2",
        "magnitude": 3.2,
        "depth_km": 101.4,
        "alert_level": "LOW",
        "source": "USGS Earthquake Hazards Program",
        "url": "https://earthquake.usgs.gov/earthquakes/eventpage/aka2026srpjla",
        "timestamp": "2026-09-20T21:48:08.946000+00:00"
      }
    },
    {
      "type": "Feature",
      "id": "USGS-EQ-ci10254046",
      "geometry": {
        "type": "Point",
        "coordinates": [
          -116.124833333333,
          33.1771666666667,
          11.63
        ]
      },
      "properties": {
        "hazard_type": "Earthquake",
        "category": "SEISMIC",
        "location_name": "4 km N of Ocotillo Wells, CA",
        "severity_metric": "Magnitude 0.7",
        "magnitude": 0.68,
        "depth_km": 11.63,
        "alert_level": "LOW",
        "source": "USGS Earthquake Hazards Program",
        "url": "https://earthquake.usgs.gov/earthquakes/eventpage/ci10254046",
        "timestamp": "2026-09-20T21:48:03+00:00"
      }
    },
    {
      "type": "Feature",
      "id": "USGS-EQ-ci41335695",
      "geometry": {
        "type": "Point",
        "coordinates": [
          -116.119833333333,
          33.17,
          10.87
        ]
      },
      "properties": {
        "hazard_type": "Earthquake",
        "category": "SEISMIC",
        "location_name": "3 km NNE of Ocotillo Wells, CA",
        "severity_metric": "Magnitude 1.0",
        "magnitude": 1.04,
        "depth_km": 10.87,
        "alert_level": "LOW",
        "source": "USGS Earthquake Hazards Program",
        "url": "https://earthquake.usgs.gov/earthquakes/eventpage/ci41335695",
        "timestamp": "2026-09-20T21:47:55.750000+00:00"
      }
    },
    {
      "type": "Feature",
      "id": "USGS-EQ-nc75439102",
      "geometry": {
        "type": "Point",
        "coordinates": [
          -123.743835449219,
          40.0169982910156,
          19.8999996185303
        ]
      },
      "properties": {
        "hazard_type": "Earthquake",
        "category": "SEISMIC",
        "location_name": "13 km SSE of Redway, CA",
        "severity_metric": "Magnitude 1.4",
        "magnitude": 1.37,
        "depth_km": 19.8999996185303,
        "alert_level": "LOW",
        "source": "USGS Earthquake Hazards Program",
        "url": "https://earthquake.usgs.gov/earthquakes/eventpage/nc75439102",
        "timestamp": "2026-09-20T21:40:39.970000+00:00"
      }
    },
    {
      "type": "Feature",
      "id": "USGS-EQ-tx2026sophch",
      "geometry": {
        "type": "Point",
        "coordinates": [
          -104.123,
          31.643,
          4.0643
        ]
      },
      "properties": {
        "hazard_type": "Earthquake",
        "category": "SEISMIC",
        "location_name": "48 km NW of Toyah, Texas",
        "severity_metric": "Magnitude 2.2",
        "magnitude": 2.2,
        "depth_km": 4.0643,
        "alert_level": "LOW",
        "source": "USGS Earthquake Hazards Program",
        "url": "https://earthquake.usgs.gov/earthquakes/eventpage/tx2026sophch",
        "timestamp": "2026-09-20T21:37:59.403000+00:00"
      }
    },
    {
      "type": "Feature",
      "id": "USGS-EQ-pr71533633",
      "geometry": {
        "type": "Point",
        "coordinates": [
          -67.0865,
          18.0996666666667,
          24.12
        ]
      },
      "properties": {
        "hazard_type": "Earthquake",
        "category": "SEISMIC",
        "location_name": "1 km NNW of Sabana Eneas, Puerto Rico",
        "severity_metric": "Magnitude 2.3",
        "magnitude": 2.26,
        "depth_km": 24.12,
        "alert_level": "LOW",
        "source": "USGS Earthquake Hazards Program",
        "url": "https://earthquake.usgs.gov/earthquakes/eventpage/pr71533633",
        "timestamp": "2026-09-20T21:35:06.050000+00:00"
      }
    },
    {
      "type": "Feature",
      "id": "USGS-EQ-tx2026sopend",
      "geometry": {
        "type": "Point",
        "coordinates": [
          -101.425,
          32.154,
          3.6477
        ]
      },
      "properties": {
        "hazard_type": "Earthquake",
        "category": "SEISMIC",
        "location_name": "7 km NW of Forsan, Texas",
        "severity_metric": "Magnitude 1.1",
        "magnitude": 1.1,
        "depth_km": 3.6477,
        "alert_level": "LOW",
        "source": "USGS Earthquake Hazards Program",
        "url": "https://earthquake.usgs.gov/earthquakes/eventpage/tx2026sopend",
        "timestamp": "2026-09-20T21:34:56.305000+00:00"
      }
    },
    {
      "type": "Feature",
      "id": "USGS-EQ-aka2026sroxig",
      "geometry": {
        "type": "Point",
        "coordinates": [
          -152.355,
          59.948,
          79.8
        ]
      },
      "properties": {
        "hazard_type": "Earthquake",
        "category": "SEISMIC",
        "location_name": "34 km W of Happy Valley, Alaska",
        "severity_metric": "Magnitude 1.4",
        "magnitude": 1.4,
        "depth_km": 79.8,
        "alert_level": "LOW",
        "source": "USGS Earthquake Hazards Program",
        "url": "https://earthquake.usgs.gov/earthquakes/eventpage/aka2026sroxig",
        "timestamp": "2026-09-20T21:34:30.922000+00:00"
      }
    },
    {
      "type": "Feature",
      "id": "USGS-EQ-pr71533623",
      "geometry": {
        "type": "Point",
        "coordinates": [
          -66.916,
          17.9776666666667,
          15.03
        ]
      },
      "properties": {
        "hazard_type": "Earthquake",
        "category": "SEISMIC",
        "location_name": "1 km NW of Gu\u00e1nica, Puerto Rico",
        "severity_metric": "Magnitude 2.2",
        "magnitude": 2.18,
        "depth_km": 15.03,
        "alert_level": "LOW",
        "source": "USGS Earthquake Hazards Program",
        "url": "https://earthquake.usgs.gov/earthquakes/eventpage/pr71533623",
        "timestamp": "2026-09-20T21:33:28.460000+00:00"
      }
    },
    {
      "type": "Feature",
      "id": "USGS-EQ-pr71533608",
      "geometry": {
        "type": "Point",
        "coordinates": [
          -66.8363333333333,
          17.9791666666667,
          11.34
        ]
      },
      "properties": {
        "hazard_type": "Earthquake",
        "category": "SEISMIC",
        "location_name": "2 km SW of Indios, Puerto Rico",
        "severity_metric": "Magnitude 2.4",
        "magnitude": 2.44,
        "depth_km": 11.34,
        "alert_level": "LOW",
        "source": "USGS Earthquake Hazards Program",
        "url": "https://earthquake.usgs.gov/earthquakes/eventpage/pr71533608",
        "timestamp": "2026-09-20T21:30:56.150000+00:00"
      }
    },
    {
      "type": "Feature",
      "id": "USGS-EQ-aka2026srohda",
      "geometry": {
        "type": "Point",
        "coordinates": [
          -153.439,
          63.417,
          1.1
        ]
      },
      "properties": {
        "hazard_type": "Earthquake",
        "category": "SEISMIC",
        "location_name": "65 km NE of Nikolai, Alaska",
        "severity_metric": "Magnitude 2.4",
        "magnitude": 2.4,
        "depth_km": 1.1,
        "alert_level": "LOW",
        "source": "USGS Earthquake Hazards Program",
        "url": "https://earthquake.usgs.gov/earthquakes/eventpage/aka2026srohda",
        "timestamp": "2026-09-20T21:18:38.751000+00:00"
      }
    },
    {
      "type": "Feature",
      "id": "USGS-EQ-tx2026soopmo",
      "geometry": {
        "type": "Point",
        "coordinates": [
          -104.437,
          31.639,
          4.0267
        ]
      },
      "properties": {
        "hazard_type": "Earthquake",
        "category": "SEISMIC",
        "location_name": "59 km S of Whites City, New Mexico",
        "severity_metric": "Magnitude 1.5",
        "magnitude": 1.5,
        "depth_km": 4.0267,
        "alert_level": "LOW",
        "source": "USGS Earthquake Hazards Program",
        "url": "https://earthquake.usgs.gov/earthquakes/eventpage/tx2026soopmo",
        "timestamp": "2026-09-20T21:17:41.351000+00:00"
      }
    },
    {
      "type": "Feature",
      "id": "USGS-EQ-nc75439082",
      "geometry": {
        "type": "Point",
        "coordinates": [
          -122.798667907715,
          38.8240013122559,
          2.0
        ]
      },
      "properties": {
        "hazard_type": "Earthquake",
        "category": "SEISMIC",
        "location_name": "6 km NW of The Geysers, CA",
        "severity_metric": "Magnitude 1.3",
        "magnitude": 1.33,
        "depth_km": 2.0,
        "alert_level": "LOW",
        "source": "USGS Earthquake Hazards Program",
        "url": "https://earthquake.usgs.gov/earthquakes/eventpage/nc75439082",
        "timestamp": "2026-09-20T21:16:15.800000+00:00"
      }
    },
    {
      "type": "Feature",
      "id": "USGS-EQ-us7000tit6",
      "geometry": {
        "type": "Point",
        "coordinates": [
          -162.4693,
          52.6966,
          10.0
        ]
      },
      "properties": {
        "hazard_type": "Earthquake",
        "category": "SEISMIC",
        "location_name": "248 km SSE of False Pass, Alaska",
        "severity_metric": "Magnitude 5.0",
        "magnitude": 5.0,
        "depth_km": 10.0,
        "alert_level": "HIGH",
        "source": "USGS Earthquake Hazards Program",
        "url": "https://earthquake.usgs.gov/earthquakes/eventpage/us7000tit6",
        "timestamp": "2026-09-20T21:06:19.931000+00:00"
      }
    },
    {
      "type": "Feature",
      "id": "USGS-EQ-nc75439067",
      "geometry": {
        "type": "Point",
        "coordinates": [
          -122.758834838867,
          38.7776679992676,
          0.870000004768372
        ]
      },
      "properties": {
        "hazard_type": "Earthquake",
        "category": "SEISMIC",
        "location_name": "0 km W of The Geysers, CA",
        "severity_metric": "Magnitude 0.3",
        "magnitude": 0.26,
        "depth_km": 0.870000004768372,
        "alert_level": "LOW",
        "source": "USGS Earthquake Hazards Program",
        "url": "https://earthquake.usgs.gov/earthquakes/eventpage/nc75439067",
        "timestamp": "2026-09-20T20:58:29.280000+00:00"
      }
    },
    {
      "type": "Feature",
      "id": "USGS-EQ-us7000tit5",
      "geometry": {
        "type": "Point",
        "coordinates": [
          31.2345,
          -48.4279,
          10.0
        ]
      },
      "properties": {
        "hazard_type": "Earthquake",
        "category": "SEISMIC",
        "location_name": "south of Africa",
        "severity_metric": "Magnitude 5.7",
        "magnitude": 5.7,
        "depth_km": 10.0,
        "alert_level": "HIGH",
        "source": "USGS Earthquake Hazards Program",
        "url": "https://earthquake.usgs.gov/earthquakes/eventpage/us7000tit5",
        "timestamp": "2026-09-20T20:54:37.248000+00:00"
      }
    },
    {
      "type": "Feature",
      "id": "USGS-EQ-us7000tit3",
      "geometry": {
        "type": "Point",
        "coordinates": [
          66.9959,
          27.7043,
          10.0
        ]
      },
      "properties": {
        "hazard_type": "Earthquake",
        "category": "SEISMIC",
        "location_name": "39 km ESE of Khuzdar, Pakistan",
        "severity_metric": "Magnitude 4.5",
        "magnitude": 4.5,
        "depth_km": 10.0,
        "alert_level": "MODERATE",
        "source": "USGS Earthquake Hazards Program",
        "url": "https://earthquake.usgs.gov/earthquakes/eventpage/us7000tit3",
        "timestamp": "2026-09-20T20:41:20.633000+00:00"
      }
    },
    {
      "type": "Feature",
      "id": "USGS-EQ-nc75439057",
      "geometry": {
        "type": "Point",
        "coordinates": [
          -122.807502746582,
          38.8346672058105,
          2.03999996185303
        ]
      },
      "properties": {
        "hazard_type": "Earthquake",
        "category": "SEISMIC",
        "location_name": "7 km W of Cobb, CA",
        "severity_metric": "Magnitude 0.2",
        "magnitude": 0.22,
        "depth_km": 2.03999996185303,
        "alert_level": "LOW",
        "source": "USGS Earthquake Hazards Program",
        "url": "https://earthquake.usgs.gov/earthquakes/eventpage/nc75439057",
        "timestamp": "2026-09-20T20:38:48.370000+00:00"
      }
    },
    {
      "type": "Feature",
      "id": "USGS-EQ-nc75439052",
      "geometry": {
        "type": "Point",
        "coordinates": [
          -122.814498901367,
          38.8269996643066,
          1.80999994277954
        ]
      },
      "properties": {
        "hazard_type": "Earthquake",
        "category": "SEISMIC",
        "location_name": "7 km NW of The Geysers, CA",
        "severity_metric": "Magnitude 1.8",
        "magnitude": 1.81,
        "depth_km": 1.80999994277954,
        "alert_level": "LOW",
        "source": "USGS Earthquake Hazards Program",
        "url": "https://earthquake.usgs.gov/earthquakes/eventpage/nc75439052",
        "timestamp": "2026-09-20T20:37:24.270000+00:00"
      }
    },
    {
      "type": "Feature",
      "id": "USGS-EQ-hv75040882",
      "geometry": {
        "type": "Point",
        "coordinates": [
          -155.40299987793,
          19.3008327484131,
          29.7299995422363
        ]
      },
      "properties": {
        "hazard_type": "Earthquake",
        "category": "SEISMIC",
        "location_name": "13 km NE of P\u0101hala, Hawaii",
        "severity_metric": "Magnitude 2.2",
        "magnitude": 2.21,
        "depth_km": 29.7299995422363,
        "alert_level": "LOW",
        "source": "USGS Earthquake Hazards Program",
        "url": "https://earthquake.usgs.gov/earthquakes/eventpage/hv75040882",
        "timestamp": "2026-09-20T20:36:08.830000+00:00"
      }
    },
    {
      "type": "Feature",
      "id": "USGS-EQ-pr71533593",
      "geometry": {
        "type": "Point",
        "coordinates": [
          -66.9515,
          17.9575,
          7.96
        ]
      },
      "properties": {
        "hazard_type": "Earthquake",
        "category": "SEISMIC",
        "location_name": "4 km WSW of Gu\u00e1nica, Puerto Rico",
        "severity_metric": "Magnitude 3.0",
        "magnitude": 2.95,
        "depth_km": 7.96,
        "alert_level": "LOW",
        "source": "USGS Earthquake Hazards Program",
        "url": "https://earthquake.usgs.gov/earthquakes/eventpage/pr71533593",
        "timestamp": "2026-09-20T20:32:36.360000+00:00"
      }
    },
    {
      "type": "Feature",
      "id": "USGS-EQ-ci41335671",
      "geometry": {
        "type": "Point",
        "coordinates": [
          -117.212666666667,
          34.015,
          13.68
        ]
      },
      "properties": {
        "hazard_type": "Earthquake",
        "category": "SEISMIC",
        "location_name": "5 km SSW of Redlands, CA",
        "severity_metric": "Magnitude 0.8",
        "magnitude": 0.76,
        "depth_km": 13.68,
        "alert_level": "LOW",
        "source": "USGS Earthquake Hazards Program",
        "url": "https://earthquake.usgs.gov/earthquakes/eventpage/ci41335671",
        "timestamp": "2026-09-20T20:22:41.060000+00:00"
      }
    },
    {
      "type": "Feature",
      "id": "USGS-EQ-ci41335663",
      "geometry": {
        "type": "Point",
        "coordinates": [
          -115.093,
          32.1215,
          19.13
        ]
      },
      "properties": {
        "hazard_type": "Earthquake",
        "category": "SEISMIC",
        "location_name": "12 km SW of Estacion Coahuila, B.C., MX",
        "severity_metric": "Magnitude 3.0",
        "magnitude": 2.97,
        "depth_km": 19.13,
        "alert_level": "LOW",
        "source": "USGS Earthquake Hazards Program",
        "url": "https://earthquake.usgs.gov/earthquakes/eventpage/ci41335663",
        "timestamp": "2026-09-20T19:50:17.580000+00:00"
      }
    },
    {
      "type": "Feature",
      "id": "USGS-EQ-ci41335655",
      "geometry": {
        "type": "Point",
        "coordinates": [
          -115.088833333333,
          32.1195,
          19.49
        ]
      },
      "properties": {
        "hazard_type": "Earthquake",
        "category": "SEISMIC",
        "location_name": "12 km SW of Estacion Coahuila, B.C., MX",
        "severity_metric": "Magnitude 2.4",
        "magnitude": 2.44,
        "depth_km": 19.49,
        "alert_level": "LOW",
        "source": "USGS Earthquake Hazards Program",
        "url": "https://earthquake.usgs.gov/earthquakes/eventpage/ci41335655",
        "timestamp": "2026-09-20T19:49:40.900000+00:00"
      }
    },
    {
      "type": "Feature",
      "id": "USGS-EQ-ci41335647",
      "geometry": {
        "type": "Point",
        "coordinates": [
          -117.668666666667,
          33.8378333333333,
          5.44
        ]
      },
      "properties": {
        "hazard_type": "Earthquake",
        "category": "SEISMIC",
        "location_name": "10 km WSW of Corona, CA",
        "severity_metric": "Magnitude 0.8",
        "magnitude": 0.8,
        "depth_km": 5.44,
        "alert_level": "LOW",
        "source": "USGS Earthquake Hazards Program",
        "url": "https://earthquake.usgs.gov/earthquakes/eventpage/ci41335647",
        "timestamp": "2026-09-20T19:44:16.990000+00:00"
      }
    },
    {
      "type": "Feature",
      "id": "USGS-EQ-tx2026solhlz",
      "geometry": {
        "type": "Point",
        "coordinates": [
          -103.87,
          30.986,
          7.1451
        ]
      },
      "properties": {
        "hazard_type": "Earthquake",
        "category": "SEISMIC",
        "location_name": "11 km W of Balmorhea, Texas",
        "severity_metric": "Magnitude 1.7",
        "magnitude": 1.7,
        "depth_km": 7.1451,
        "alert_level": "LOW",
        "source": "USGS Earthquake Hazards Program",
        "url": "https://earthquake.usgs.gov/earthquakes/eventpage/tx2026solhlz",
        "timestamp": "2026-09-20T19:37:43.100000+00:00"
      }
    },
    {
      "type": "Feature",
      "id": "USGS-EQ-nc75439027",
      "geometry": {
        "type": "Point",
        "coordinates": [
          -122.854499816895,
          38.8221664428711,
          2.66000008583069
        ]
      },
      "properties": {
        "hazard_type": "Earthquake",
        "category": "SEISMIC",
        "location_name": "10 km WNW of The Geysers, CA",
        "severity_metric": "Magnitude 0.3",
        "magnitude": 0.27,
        "depth_km": 2.66000008583069,
        "alert_level": "LOW",
        "source": "USGS Earthquake Hazards Program",
        "url": "https://earthquake.usgs.gov/earthquakes/eventpage/nc75439027",
        "timestamp": "2026-09-20T19:35:48.310000+00:00"
      }
    },
    {
      "type": "Feature",
      "id": "USGS-EQ-ci41335639",
      "geometry": {
        "type": "Point",
        "coordinates": [
          -116.058666666667,
          33.2373333333333,
          2.75
        ]
      },
      "properties": {
        "hazard_type": "Earthquake",
        "category": "SEISMIC",
        "location_name": "12 km SW of Salton City, CA",
        "severity_metric": "Magnitude 0.8",
        "magnitude": 0.83,
        "depth_km": 2.75,
        "alert_level": "LOW",
        "source": "USGS Earthquake Hazards Program",
        "url": "https://earthquake.usgs.gov/earthquakes/eventpage/ci41335639",
        "timestamp": "2026-09-20T19:31:45.870000+00:00"
      }
    },
    {
      "type": "Feature",
      "id": "USGS-EQ-nc75439017",
      "geometry": {
        "type": "Point",
        "coordinates": [
          -122.798835754395,
          38.8363342285156,
          1.70000004768372
        ]
      },
      "properties": {
        "hazard_type": "Earthquake",
        "category": "SEISMIC",
        "location_name": "7 km WNW of Cobb, CA",
        "severity_metric": "Magnitude 0.9",
        "magnitude": 0.89,
        "depth_km": 1.70000004768372,
        "alert_level": "LOW",
        "source": "USGS Earthquake Hazards Program",
        "url": "https://earthquake.usgs.gov/earthquakes/eventpage/nc75439017",
        "timestamp": "2026-09-20T19:26:48.370000+00:00"
      }
    },
    {
      "type": "Feature",
      "id": "USGS-EQ-us7000tisq",
      "geometry": {
        "type": "Point",
        "coordinates": [
          -103.7623,
          32.2749,
          6.393
        ]
      },
      "properties": {
        "hazard_type": "Earthquake",
        "category": "SEISMIC",
        "location_name": "29 km E of Malaga, New Mexico",
        "severity_metric": "Magnitude 2.9",
        "magnitude": 2.9,
        "depth_km": 6.393,
        "alert_level": "LOW",
        "source": "USGS Earthquake Hazards Program",
        "url": "https://earthquake.usgs.gov/earthquakes/eventpage/us7000tisq",
        "timestamp": "2026-09-20T19:23:14.249000+00:00"
      }
    },
    {
      "type": "Feature",
      "id": "USGS-EQ-aka2026srkhbo",
      "geometry": {
        "type": "Point",
        "coordinates": [
          -170.937,
          52.106,
          103.5
        ]
      },
      "properties": {
        "hazard_type": "Earthquake",
        "category": "SEISMIC",
        "location_name": "168 km SW of Nikolski, Alaska",
        "severity_metric": "Magnitude 3.5",
        "magnitude": 3.5,
        "depth_km": 103.5,
        "alert_level": "MODERATE",
        "source": "USGS Earthquake Hazards Program",
        "url": "https://earthquake.usgs.gov/earthquakes/eventpage/aka2026srkhbo",
        "timestamp": "2026-09-20T19:15:56.293000+00:00"
      }
    },
    {
      "type": "Feature",
      "id": "USGS-EQ-nn00924674",
      "geometry": {
        "type": "Point",
        "coordinates": [
          -119.3188,
          40.4297,
          7.1561
        ]
      },
      "properties": {
        "hazard_type": "Earthquake",
        "category": "SEISMIC",
        "location_name": "16 km S of Empire, Nevada",
        "severity_metric": "Magnitude 1.7",
        "magnitude": 1.74,
        "depth_km": 7.1561,
        "alert_level": "LOW",
        "source": "USGS Earthquake Hazards Program",
        "url": "https://earthquake.usgs.gov/earthquakes/eventpage/nn00924674",
        "timestamp": "2026-09-20T19:12:44.485000+00:00"
      }
    },
    {
      "type": "Feature",
      "id": "USGS-EQ-aka2026srjvwk",
      "geometry": {
        "type": "Point",
        "coordinates": [
          -147.383,
          64.98,
          5.0
        ]
      },
      "properties": {
        "hazard_type": "Earthquake",
        "category": "SEISMIC",
        "location_name": "11 km ENE of Fox, Alaska",
        "severity_metric": "Magnitude 1.3",
        "magnitude": 1.3,
        "depth_km": 5.0,
        "alert_level": "LOW",
        "source": "USGS Earthquake Hazards Program",
        "url": "https://earthquake.usgs.gov/earthquakes/eventpage/aka2026srjvwk",
        "timestamp": "2026-09-20T19:02:54.266000+00:00"
      }
    },
    {
      "type": "Feature",
      "id": "USGS-EQ-tx2026sokayc",
      "geometry": {
        "type": "Point",
        "coordinates": [
          -103.686,
          32.078,
          7.2478
        ]
      },
      "properties": {
        "hazard_type": "Earthquake",
        "category": "SEISMIC",
        "location_name": "39 km ESE of Malaga, New Mexico",
        "severity_metric": "Magnitude 1.9",
        "magnitude": 1.9,
        "depth_km": 7.2478,
        "alert_level": "LOW",
        "source": "USGS Earthquake Hazards Program",
        "url": "https://earthquake.usgs.gov/earthquakes/eventpage/tx2026sokayc",
        "timestamp": "2026-09-20T19:00:03.786000+00:00"
      }
    },
    {
      "type": "Feature",
      "id": "USGS-EQ-ci41335623",
      "geometry": {
        "type": "Point",
        "coordinates": [
          -116.803333333333,
          33.5685,
          6.41
        ]
      },
      "properties": {
        "hazard_type": "Earthquake",
        "category": "SEISMIC",
        "location_name": "12 km W of Anza, CA",
        "severity_metric": "Magnitude 0.8",
        "magnitude": 0.82,
        "depth_km": 6.41,
        "alert_level": "LOW",
        "source": "USGS Earthquake Hazards Program",
        "url": "https://earthquake.usgs.gov/earthquakes/eventpage/ci41335623",
        "timestamp": "2026-09-20T18:37:33.720000+00:00"
      }
    },
    {
      "type": "Feature",
      "id": "USGS-EQ-nc75438997",
      "geometry": {
        "type": "Point",
        "coordinates": [
          -122.754837036133,
          38.7864990234375,
          1.96000003814697
        ]
      },
      "properties": {
        "hazard_type": "Earthquake",
        "category": "SEISMIC",
        "location_name": "1 km N of The Geysers, CA",
        "severity_metric": "Magnitude 1.4",
        "magnitude": 1.38,
        "depth_km": 1.96000003814697,
        "alert_level": "LOW",
        "source": "USGS Earthquake Hazards Program",
        "url": "https://earthquake.usgs.gov/earthquakes/eventpage/nc75438997",
        "timestamp": "2026-09-20T18:23:35.260000+00:00"
      }
    },
    {
      "type": "Feature",
      "id": "USGS-EQ-aka2026srikrm",
      "geometry": {
        "type": "Point",
        "coordinates": [
          -139.373,
          58.468,
          5.0
        ]
      },
      "properties": {
        "hazard_type": "Earthquake",
        "category": "SEISMIC",
        "location_name": "121 km S of Yakutat, Alaska",
        "severity_metric": "Magnitude 3.5",
        "magnitude": 3.5,
        "depth_km": 5.0,
        "alert_level": "MODERATE",
        "source": "USGS Earthquake Hazards Program",
        "url": "https://earthquake.usgs.gov/earthquakes/eventpage/aka2026srikrm",
        "timestamp": "2026-09-20T18:19:40.099000+00:00"
      }
    },
    {
      "type": "Feature",
      "id": "USGS-EQ-us7000tisi",
      "geometry": {
        "type": "Point",
        "coordinates": [
          115.7801,
          -9.286,
          76.416
        ]
      },
      "properties": {
        "hazard_type": "Earthquake",
        "category": "SEISMIC",
        "location_name": "69 km SSW of Lembar, Indonesia",
        "severity_metric": "Magnitude 4.4",
        "magnitude": 4.4,
        "depth_km": 76.416,
        "alert_level": "MODERATE",
        "source": "USGS Earthquake Hazards Program",
        "url": "https://earthquake.usgs.gov/earthquakes/eventpage/us7000tisi",
        "timestamp": "2026-09-20T17:51:32.955000+00:00"
      }
    },
    {
      "type": "Feature",
      "id": "USGS-EQ-tx2026sohpvq",
      "geometry": {
        "type": "Point",
        "coordinates": [
          -103.552,
          30.878,
          4.3134
        ]
      },
      "properties": {
        "hazard_type": "Earthquake",
        "category": "SEISMIC",
        "location_name": "21 km ESE of Balmorhea, Texas",
        "severity_metric": "Magnitude 1.6",
        "magnitude": 1.6,
        "depth_km": 4.3134,
        "alert_level": "LOW",
        "source": "USGS Earthquake Hazards Program",
        "url": "https://earthquake.usgs.gov/earthquakes/eventpage/tx2026sohpvq",
        "timestamp": "2026-09-20T17:46:46.286000+00:00"
      }
    },
    {
      "type": "Feature",
      "id": "USGS-EQ-us7000tisg",
      "geometry": {
        "type": "Point",
        "coordinates": [
          -174.7369,
          -16.7787,
          160.742
        ]
      },
      "properties": {
        "hazard_type": "Earthquake",
        "category": "SEISMIC",
        "location_name": "135 km SW of Hihifo, Tonga",
        "severity_metric": "Magnitude 4.4",
        "magnitude": 4.4,
        "depth_km": 160.742,
        "alert_level": "MODERATE",
        "source": "USGS Earthquake Hazards Program",
        "url": "https://earthquake.usgs.gov/earthquakes/eventpage/us7000tisg",
        "timestamp": "2026-09-20T17:17:05.458000+00:00"
      }
    },
    {
      "type": "Feature",
      "id": "USGS-EQ-uu80157581",
      "geometry": {
        "type": "Point",
        "coordinates": [
          -112.902333333333,
          37.0801666666667,
          13.66
        ]
      },
      "properties": {
        "hazard_type": "Earthquake",
        "category": "SEISMIC",
        "location_name": "10 km NE of Hildale, Utah",
        "severity_metric": "Magnitude 1.1",
        "magnitude": 1.13,
        "depth_km": 13.66,
        "alert_level": "LOW",
        "source": "USGS Earthquake Hazards Program",
        "url": "https://earthquake.usgs.gov/earthquakes/eventpage/uu80157581",
        "timestamp": "2026-09-20T17:10:32.160000+00:00"
      }
    },
    {
      "type": "Feature",
      "id": "USGS-EQ-aka2026srgcdi",
      "geometry": {
        "type": "Point",
        "coordinates": [
          -157.772,
          55.946,
          33.7
        ]
      },
      "properties": {
        "hazard_type": "Earthquake",
        "category": "SEISMIC",
        "location_name": "55 km SE of Chignik, Alaska",
        "severity_metric": "Magnitude 3.6",
        "magnitude": 3.6,
        "depth_km": 33.7,
        "alert_level": "MODERATE",
        "source": "USGS Earthquake Hazards Program",
        "url": "https://earthquake.usgs.gov/earthquakes/eventpage/aka2026srgcdi",
        "timestamp": "2026-09-20T17:10:13.348000+00:00"
      }
    },
    {
      "type": "Feature",
      "id": "USGS-EQ-nc75438987",
      "geometry": {
        "type": "Point",
        "coordinates": [
          -122.852996826172,
          38.8198318481445,
          2.70000004768372
        ]
      },
      "properties": {
        "hazard_type": "Earthquake",
        "category": "SEISMIC",
        "location_name": "10 km WNW of The Geysers, CA",
        "severity_metric": "Magnitude 0.8",
        "magnitude": 0.76,
        "depth_km": 2.70000004768372,
        "alert_level": "LOW",
        "source": "USGS Earthquake Hazards Program",
        "url": "https://earthquake.usgs.gov/earthquakes/eventpage/nc75438987",
        "timestamp": "2026-09-20T17:07:28.610000+00:00"
      }
    },
    {
      "type": "Feature",
      "id": "USGS-EQ-nc75438982",
      "geometry": {
        "type": "Point",
        "coordinates": [
          -122.850997924805,
          38.8198318481445,
          1.72000002861023
        ]
      },
      "properties": {
        "hazard_type": "Earthquake",
        "category": "SEISMIC",
        "location_name": "9 km WNW of The Geysers, CA",
        "severity_metric": "Magnitude 2.1",
        "magnitude": 2.13,
        "depth_km": 1.72000002861023,
        "alert_level": "LOW",
        "source": "USGS Earthquake Hazards Program",
        "url": "https://earthquake.usgs.gov/earthquakes/eventpage/nc75438982",
        "timestamp": "2026-09-20T17:03:33.060000+00:00"
      }
    },
    {
      "type": "Feature",
      "id": "USGS-EQ-us7000tisb",
      "geometry": {
        "type": "Point",
        "coordinates": [
          -68.6909,
          17.6862,
          35.0
        ]
      },
      "properties": {
        "hazard_type": "Earthquake",
        "category": "SEISMIC",
        "location_name": "77 km S of Boca de Yuma, Dominican Republic",
        "severity_metric": "Magnitude 3.1",
        "magnitude": 3.1,
        "depth_km": 35.0,
        "alert_level": "LOW",
        "source": "USGS Earthquake Hazards Program",
        "url": "https://earthquake.usgs.gov/earthquakes/eventpage/us7000tisb",
        "timestamp": "2026-09-20T16:59:30.757000+00:00"
      }
    },
    {
      "type": "Feature",
      "id": "USGS-EQ-ci41335615",
      "geometry": {
        "type": "Point",
        "coordinates": [
          -116.154,
          33.8593333333333,
          11.69
        ]
      },
      "properties": {
        "hazard_type": "Earthquake",
        "category": "SEISMIC",
        "location_name": "16 km NNE of Indio, CA",
        "severity_metric": "Magnitude 0.1",
        "magnitude": 0.07,
        "depth_km": 11.69,
        "alert_level": "LOW",
        "source": "USGS Earthquake Hazards Program",
        "url": "https://earthquake.usgs.gov/earthquakes/eventpage/ci41335615",
        "timestamp": "2026-09-20T16:56:22.690000+00:00"
      }
    },
    {
      "type": "Feature",
      "id": "USGS-EQ-ci41335607",
      "geometry": {
        "type": "Point",
        "coordinates": [
          -117.3035,
          34.0876666666667,
          14.26
        ]
      },
      "properties": {
        "hazard_type": "Earthquake",
        "category": "SEISMIC",
        "location_name": "2 km NNE of Colton, CA",
        "severity_metric": "Magnitude 1.0",
        "magnitude": 0.97,
        "depth_km": 14.26,
        "alert_level": "LOW",
        "source": "USGS Earthquake Hazards Program",
        "url": "https://earthquake.usgs.gov/earthquakes/eventpage/ci41335607",
        "timestamp": "2026-09-20T16:50:44.080000+00:00"
      }
    },
    {
      "type": "Feature",
      "id": "USGS-EQ-tx2026sofhss",
      "geometry": {
        "type": "Point",
        "coordinates": [
          -98.097,
          28.885,
          8.4579
        ]
      },
      "properties": {
        "hazard_type": "Earthquake",
        "category": "SEISMIC",
        "location_name": "13 km SW of Falls City, Texas",
        "severity_metric": "Magnitude 1.7",
        "magnitude": 1.7,
        "depth_km": 8.4579,
        "alert_level": "LOW",
        "source": "USGS Earthquake Hazards Program",
        "url": "https://earthquake.usgs.gov/earthquakes/eventpage/tx2026sofhss",
        "timestamp": "2026-09-20T16:36:59.186000+00:00"
      }
    }
  ]
}